feature,importance,user_id
sleep_hours,0.0,1
screen_time_minutes,0.0,1
academic_load_score,0.0,1
mood_score,0.0,1
sleep_3d_avg,0.0,1
screen_3d_avg,0.0,1
academic_3d_avg,0.0,1
sleep_7d_avg,0.0,1
screen_7d_avg,0.0,1
sleep_14d_avg,0.0,1
sleep_7d_std,0.0,1
screen_7d_std,0.0,1
sleep_lag1,0.0,1
screen_lag1,0.0,1
mood_lag1,0.0,1
sleep_lag2,0.0,1
screen_lag2,0.0,1
sleep_change,0.0,1
screen_change,0.0,1
sleep_change_2d,0.0,1
screen_per_sleep,0.2916378446625886,1
academic_per_sleep,0.7083621553374114,1
sleep_x_academic,0.0,1
screen_x_academic,0.0,1
sleep_debt_7d,0.0,1
sleep_efficiency,0.0,1
weekend_streak,0.0,1
is_weekend,0.0,1
is_exam_period,0.0,1
seasonal_stress,0.0,1
sleep_hours,0.28796580943822603,2
screen_time_minutes,0.0,2
academic_load_score,0.0,2
mood_score,0.0,2
sleep_3d_avg,0.0,2
screen_3d_avg,0.0,2
academic_3d_avg,0.0,2
sleep_7d_avg,0.0,2
screen_7d_avg,0.0,2
sleep_14d_avg,0.0,2
sleep_7d_std,0.0,2
screen_7d_std,0.0,2
sleep_lag1,0.0,2
screen_lag1,0.0,2
mood_lag1,0.0,2
sleep_lag2,0.0,2
screen_lag2,0.0,2
sleep_change,0.0,2
screen_change,0.0,2
sleep_change_2d,0.0,2
screen_per_sleep,0.0,2
academic_per_sleep,0.0,2
sleep_x_academic,0.0,2
screen_x_academic,0.0,2
sleep_debt_7d,0.0,2
sleep_efficiency,0.712034190561774,2
weekend_streak,0.0,2
is_weekend,0.0,2
is_exam_period,0.0,2
seasonal_stress,0.0,2
sleep_hours,0.0,3
screen_time_minutes,0.038656269635336846,3
academic_load_score,0.011018555520175952,3
mood_score,0.0,3
sleep_3d_avg,0.0,3
screen_3d_avg,0.0,3
academic_3d_avg,0.0,3
sleep_7d_avg,0.0,3
screen_7d_avg,0.0,3
sleep_14d_avg,0.0,3
sleep_7d_std,0.0,3
screen_7d_std,0.0,3
sleep_lag1,0.0,3
screen_lag1,0.03981486279162678,3
mood_lag1,0.0,3
sleep_lag2,0.015333798476352264,3
screen_lag2,0.028699194295601953,3
sleep_change,0.0,3
screen_change,0.0,3
sleep_change_2d,0.0,3
screen_per_sleep,0.0,3
academic_per_sleep,0.12628329681145137,3
sleep_x_academic,0.0,3
screen_x_academic,0.0,3
sleep_debt_7d,0.0,3
sleep_efficiency,0.2572696481150275,3
weekend_streak,0.0,3
is_weekend,0.0,3
is_exam_period,0.4829243743544273,3
seasonal_stress,0.0,3
sleep_hours,0.0,4
screen_time_minutes,0.0,4
academic_load_score,0.09436271337351737,4
mood_score,0.0,4
sleep_3d_avg,0.0,4
screen_3d_avg,0.0,4
academic_3d_avg,0.007796108231607113,4
sleep_7d_avg,0.03418348508985537,4
screen_7d_avg,0.08757362474474997,4
sleep_14d_avg,0.0,4
sleep_7d_std,0.0,4
screen_7d_std,0.0,4
sleep_lag1,0.0,4
screen_lag1,0.0,4
mood_lag1,0.0,4
sleep_lag2,0.0,4
screen_lag2,0.0,4
sleep_change,0.0,4
screen_change,0.037042705539326336,4
sleep_change_2d,0.0,4
screen_per_sleep,0.03620959880042899,4
academic_per_sleep,0.4275298014819975,4
sleep_x_academic,0.013719336029612741,4
screen_x_academic,0.0,4
sleep_debt_7d,0.0,4
sleep_efficiency,0.22841536761385534,4
weekend_streak,0.0,4
is_weekend,0.0,4
is_exam_period,0.0331672590950492,4
seasonal_stress,0.0,4
sleep_hours,0.0,5
screen_time_minutes,0.005076522042689554,5
academic_load_score,0.0,5
mood_score,0.0,5
sleep_3d_avg,0.01619675711938022,5
screen_3d_avg,0.0,5
academic_3d_avg,0.0,5
sleep_7d_avg,0.0,5
screen_7d_avg,0.0,5
sleep_14d_avg,0.0,5
sleep_7d_std,0.0,5
screen_7d_std,0.0,5
sleep_lag1,0.0,5
screen_lag1,0.01743488252354665,5
mood_lag1,0.0,5
sleep_lag2,0.030057767990552486,5
screen_lag2,0.02821288405199406,5
sleep_change,0.0,5
screen_change,0.0,5
sleep_change_2d,0.04974559348617211,5
screen_per_sleep,0.0,5
academic_per_sleep,0.6328643064837608,5
sleep_x_academic,0.0,5
screen_x_academic,0.16424201161545504,5
sleep_debt_7d,0.0,5
sleep_efficiency,0.0,5
weekend_streak,0.0,5
is_weekend,0.0,5
is_exam_period,0.05616927468644913,5
seasonal_stress,0.0,5
sleep_hours,0.0,6
screen_time_minutes,0.0,6
academic_load_score,0.0,6
mood_score,0.0,6
sleep_3d_avg,0.0,6
screen_3d_avg,0.02480764357319166,6
academic_3d_avg,0.016641666003180414,6
sleep_7d_avg,0.0,6
screen_7d_avg,0.0,6
sleep_14d_avg,0.03467735750300401,6
sleep_7d_std,0.0,6
screen_7d_std,6.944909647370275e-17,6
sleep_lag1,0.0,6
screen_lag1,0.0,6
mood_lag1,0.0,6
sleep_lag2,0.03408297577750271,6
screen_lag2,0.0,6
sleep_change,0.0,6
screen_change,0.02943690676000795,6
sleep_change_2d,0.0,6
screen_per_sleep,0.0,6
academic_per_sleep,0.514919365867541,6
sleep_x_academic,0.0,6
screen_x_academic,0.1294395768773221,6
sleep_debt_7d,0.0,6
sleep_efficiency,0.09498123507245644,6
weekend_streak,0.0,6
is_weekend,0.0,6
is_exam_period,0.12101327256579367,6
seasonal_stress,0.0,6
sleep_hours,0.0,7
screen_time_minutes,0.0,7
academic_load_score,0.8965879448127988,7
mood_score,0.0,7
sleep_3d_avg,0.0,7
screen_3d_avg,0.0,7
academic_3d_avg,0.0,7
sleep_7d_avg,0.0,7
screen_7d_avg,0.0,7
sleep_14d_avg,0.0,7
sleep_7d_std,0.0,7
screen_7d_std,0.0,7
sleep_lag1,0.0,7
screen_lag1,0.0,7
mood_lag1,0.0,7
sleep_lag2,0.0,7
screen_lag2,0.0,7
sleep_change,0.0,7
screen_change,0.0,7
sleep_change_2d,0.0,7
screen_per_sleep,0.0,7
academic_per_sleep,0.10341205518720123,7
sleep_x_academic,0.0,7
screen_x_academic,0.0,7
sleep_debt_7d,0.0,7
sleep_efficiency,0.0,7
weekend_streak,0.0,7
is_weekend,0.0,7
is_exam_period,0.0,7
seasonal_stress,0.0,7
sleep_hours,0.0,8
screen_time_minutes,0.0,8
academic_load_score,0.0,8
mood_score,0.0,8
sleep_3d_avg,0.0,8
screen_3d_avg,0.0,8
academic_3d_avg,0.0,8
sleep_7d_avg,0.0,8
screen_7d_avg,0.0,8
sleep_14d_avg,0.0,8
sleep_7d_std,0.0,8
screen_7d_std,0.0,8
sleep_lag1,0.0,8
screen_lag1,0.0,8
mood_lag1,0.0,8
sleep_lag2,0.0,8
screen_lag2,0.0,8
sleep_change,0.0,8
screen_change,0.0,8
sleep_change_2d,0.0,8
screen_per_sleep,0.16890441438318776,8
academic_per_sleep,0.0,8
sleep_x_academic,0.0,8
screen_x_academic,0.09208065793813727,8
sleep_debt_7d,0.0,8
sleep_efficiency,0.0,8
weekend_streak,0.0,8
is_weekend,0.0,8
is_exam_period,0.739014927678675,8
seasonal_stress,0.0,8
sleep_hours,0.0,9
screen_time_minutes,0.0,9
academic_load_score,0.0,9
mood_score,0.0,9
sleep_3d_avg,0.0,9
screen_3d_avg,0.0,9
academic_3d_avg,0.0,9
sleep_7d_avg,0.0,9
screen_7d_avg,0.0,9
sleep_14d_avg,0.0,9
sleep_7d_std,0.0,9
screen_7d_std,0.03979753408441237,9
sleep_lag1,0.0,9
screen_lag1,0.0,9
mood_lag1,0.0,9
sleep_lag2,0.08722418036311964,9
screen_lag2,0.0,9
sleep_change,0.0,9
screen_change,0.03390463497969195,9
sleep_change_2d,0.0,9
screen_per_sleep,0.5992059879468625,9
academic_per_sleep,0.04023819492199118,9
sleep_x_academic,0.0,9
screen_x_academic,0.13359504077867507,9
sleep_debt_7d,0.0,9
sleep_efficiency,0.06603442692524727,9
weekend_streak,0.0,9
is_weekend,0.0,9
is_exam_period,0.0,9
seasonal_stress,0.0,9
sleep_hours,0.0,10
screen_time_minutes,0.0,10
academic_load_score,0.03817673112964784,10
mood_score,0.0,10
sleep_3d_avg,0.0,10
screen_3d_avg,0.0,10
academic_3d_avg,0.043985488860092736,10
sleep_7d_avg,0.0,10
screen_7d_avg,0.0,10
sleep_14d_avg,0.0311931131269596,10
sleep_7d_std,0.0,10
screen_7d_std,0.0,10
sleep_lag1,0.0,10
screen_lag1,0.0,10
mood_lag1,0.0,10
sleep_lag2,0.0,10
screen_lag2,0.031114410615779357,10
sleep_change,0.07401511392887057,10
screen_change,0.043937651358218976,10
sleep_change_2d,0.0,10
screen_per_sleep,0.0,10
academic_per_sleep,0.141150126010708,10
sleep_x_academic,0.0,10
screen_x_academic,0.5200838967064013,10
sleep_debt_7d,0.0,10
sleep_efficiency,0.0,10
weekend_streak,0.0,10
is_weekend,0.0,10
is_exam_period,0.07634346826332139,10
seasonal_stress,0.0,10
sleep_hours,0.0,11
screen_time_minutes,0.0,11
academic_load_score,0.0,11
mood_score,0.0,11
sleep_3d_avg,0.0,11
screen_3d_avg,0.0,11
academic_3d_avg,0.0,11
sleep_7d_avg,0.0,11
screen_7d_avg,0.0,11
sleep_14d_avg,0.0,11
sleep_7d_std,0.0,11
screen_7d_std,0.0,11
sleep_lag1,0.0,11
screen_lag1,0.0,11
mood_lag1,0.0,11
sleep_lag2,0.0,11
screen_lag2,0.0,11
sleep_change,0.0,11
screen_change,0.0,11
sleep_change_2d,0.0,11
screen_per_sleep,0.06310460159165421,11
academic_per_sleep,0.0,11
sleep_x_academic,0.0,11
screen_x_academic,0.17442471704739765,11
sleep_debt_7d,0.0,11
sleep_efficiency,0.0,11
weekend_streak,0.0,11
is_weekend,0.0,11
is_exam_period,0.7624706813609482,11
seasonal_stress,0.0,11
sleep_hours,0.0,12
screen_time_minutes,0.0820935336501651,12
academic_load_score,0.0,12
mood_score,0.0,12
sleep_3d_avg,0.0,12
screen_3d_avg,0.0,12
academic_3d_avg,0.0,12
sleep_7d_avg,0.0,12
screen_7d_avg,0.0,12
sleep_14d_avg,0.0,12
sleep_7d_std,0.0,12
screen_7d_std,0.0,12
sleep_lag1,0.0,12
screen_lag1,0.0,12
mood_lag1,0.0,12
sleep_lag2,0.0,12
screen_lag2,0.0,12
sleep_change,0.0,12
screen_change,0.0,12
sleep_change_2d,0.045425828063688806,12
screen_per_sleep,0.0,12
academic_per_sleep,0.13667223289969105,12
sleep_x_academic,0.0,12
screen_x_academic,0.735808405386455,12
sleep_debt_7d,0.0,12
sleep_efficiency,0.0,12
weekend_streak,0.0,12
is_weekend,0.0,12
is_exam_period,0.0,12
seasonal_stress,0.0,12
sleep_hours,0.0,13
screen_time_minutes,0.0,13
academic_load_score,0.0,13
mood_score,0.0,13
sleep_3d_avg,0.1093003961429375,13
screen_3d_avg,0.0,13
academic_3d_avg,0.0,13
sleep_7d_avg,0.0,13
screen_7d_avg,0.0,13
sleep_14d_avg,0.0,13
sleep_7d_std,0.0,13
screen_7d_std,0.0,13
sleep_lag1,0.0,13
screen_lag1,0.0,13
mood_lag1,0.0,13
sleep_lag2,0.0,13
screen_lag2,0.0,13
sleep_change,0.0,13
screen_change,0.0,13
sleep_change_2d,0.0,13
screen_per_sleep,0.0,13
academic_per_sleep,0.0,13
sleep_x_academic,0.0,13
screen_x_academic,0.7286945090713197,13
sleep_debt_7d,0.0,13
sleep_efficiency,0.16200509478574274,13
weekend_streak,0.0,13
is_weekend,0.0,13
is_exam_period,0.0,13
seasonal_stress,0.0,13
sleep_hours,0.0,14
screen_time_minutes,0.0,14
academic_load_score,0.0,14
mood_score,0.0,14
sleep_3d_avg,0.0,14
screen_3d_avg,0.0,14
academic_3d_avg,0.0,14
sleep_7d_avg,0.0,14
screen_7d_avg,0.0,14
sleep_14d_avg,0.0,14
sleep_7d_std,0.0,14
screen_7d_std,0.0,14
sleep_lag1,0.04635079352857946,14
screen_lag1,0.0,14
mood_lag1,0.0,14
sleep_lag2,0.0,14
screen_lag2,0.02593319499773279,14
sleep_change,0.034022043169030534,14
screen_change,0.0,14
sleep_change_2d,0.0,14
screen_per_sleep,0.5655391095584025,14
academic_per_sleep,0.14855434808303522,14
sleep_x_academic,0.0,14
screen_x_academic,0.1796005106632196,14
sleep_debt_7d,0.0,14
sleep_efficiency,0.0,14
weekend_streak,0.0,14
is_weekend,0.0,14
is_exam_period,0.0,14
seasonal_stress,0.0,14
sleep_hours,0.0,15
screen_time_minutes,0.10315547590490406,15
academic_load_score,0.0,15
mood_score,0.02746120685820042,15
sleep_3d_avg,0.0,15
screen_3d_avg,0.0,15
academic_3d_avg,0.0,15
sleep_7d_avg,0.0,15
screen_7d_avg,0.0,15
sleep_14d_avg,0.0,15
sleep_7d_std,0.0,15
screen_7d_std,0.03923806733323306,15
sleep_lag1,0.0,15
screen_lag1,0.0,15
mood_lag1,0.0,15
sleep_lag2,0.0,15
screen_lag2,0.0,15
sleep_change,0.0,15
screen_change,0.0,15
sleep_change_2d,0.0,15
screen_per_sleep,0.032321812791223745,15
academic_per_sleep,0.6647857412580709,15
sleep_x_academic,0.0,15
screen_x_academic,0.03120667529692575,15
sleep_debt_7d,0.10183102055744206,15
sleep_efficiency,0.0,15
weekend_streak,0.0,15
is_weekend,0.0,15
is_exam_period,0.0,15
seasonal_stress,0.0,15
sleep_hours,0.11162400326301133,16
screen_time_minutes,0.0,16
academic_load_score,0.0,16
mood_score,0.0,16
sleep_3d_avg,0.0,16
screen_3d_avg,0.0,16
academic_3d_avg,0.0631589079185185,16
sleep_7d_avg,0.0,16
screen_7d_avg,0.0,16
sleep_14d_avg,0.024343867836850285,16
sleep_7d_std,0.0,16
screen_7d_std,0.0,16
sleep_lag1,0.0,16
screen_lag1,0.0,16
mood_lag1,0.0,16
sleep_lag2,0.0,16
screen_lag2,0.0,16
sleep_change,0.0,16
screen_change,0.0,16
sleep_change_2d,0.0,16
screen_per_sleep,0.0,16
academic_per_sleep,0.0,16
sleep_x_academic,0.0,16
screen_x_academic,0.6172821655482124,16
sleep_debt_7d,0.0,16
sleep_efficiency,0.0,16
weekend_streak,0.0,16
is_weekend,0.0,16
is_exam_period,0.18359105543340748,16
seasonal_stress,0.0,16
sleep_hours,0.0,17
screen_time_minutes,0.06358769820022032,17
academic_load_score,0.03724918747787373,17
mood_score,0.0,17
sleep_3d_avg,0.0,17
screen_3d_avg,0.0,17
academic_3d_avg,0.04748140872279387,17
sleep_7d_avg,0.0,17
screen_7d_avg,0.0,17
sleep_14d_avg,0.0,17
sleep_7d_std,0.0522909227171565,17
screen_7d_std,0.0,17
sleep_lag1,0.027410417495627837,17
screen_lag1,0.0,17
mood_lag1,0.0,17
sleep_lag2,0.0,17
screen_lag2,0.0,17
sleep_change,0.0,17
screen_change,0.0,17
sleep_change_2d,0.0,17
screen_per_sleep,0.0,17
academic_per_sleep,0.6396228721423325,17
sleep_x_academic,0.0,17
screen_x_academic,0.0,17
sleep_debt_7d,0.0,17
sleep_efficiency,0.0,17
weekend_streak,0.0,17
is_weekend,0.0,17
is_exam_period,0.13235749324399523,17
seasonal_stress,0.0,17
sleep_hours,0.0,18
screen_time_minutes,0.0,18
academic_load_score,0.0,18
mood_score,0.0,18
sleep_3d_avg,0.0,18
screen_3d_avg,0.0,18
academic_3d_avg,0.0,18
sleep_7d_avg,0.0,18
screen_7d_avg,0.04931192112236465,18
sleep_14d_avg,0.08378681798812565,18
sleep_7d_std,0.0,18
screen_7d_std,0.0,18
sleep_lag1,1.7312158119356373e-16,18
screen_lag1,0.0,18
mood_lag1,0.0411482648601175,18
sleep_lag2,0.0,18
screen_lag2,0.0,18
sleep_change,0.013894120034463279,18
screen_change,0.06631414418892292,18
sleep_change_2d,0.0,18
screen_per_sleep,0.2280563892966346,18
academic_per_sleep,0.4129421132843549,18
sleep_x_academic,0.029055487761436946,18
screen_x_academic,0.0754907414635793,18
sleep_debt_7d,0.0,18
sleep_efficiency,0.0,18
weekend_streak,0.0,18
is_weekend,0.0,18
is_exam_period,0.0,18
seasonal_stress,0.0,18
sleep_hours,0.0,19
screen_time_minutes,0.0,19
academic_load_score,0.0,19
mood_score,0.0,19
sleep_3d_avg,0.0,19
screen_3d_avg,0.0,19
academic_3d_avg,0.0,19
sleep_7d_avg,0.0,19
screen_7d_avg,0.0,19
sleep_14d_avg,0.0,19
sleep_7d_std,0.0,19
screen_7d_std,0.0,19
sleep_lag1,0.0,19
screen_lag1,0.0,19
mood_lag1,0.0,19
sleep_lag2,0.0,19
screen_lag2,0.0,19
sleep_change,0.0,19
screen_change,0.0,19
sleep_change_2d,0.0,19
screen_per_sleep,0.15187766702172412,19
academic_per_sleep,0.6135063842519902,19
sleep_x_academic,0.0,19
screen_x_academic,0.0,19
sleep_debt_7d,0.0,19
sleep_efficiency,0.2346159487262856,19
weekend_streak,0.0,19
is_weekend,0.0,19
is_exam_period,0.0,19
seasonal_stress,0.0,19
sleep_hours,0.0,20
screen_time_minutes,0.0,20
academic_load_score,0.0,20
mood_score,0.0,20
sleep_3d_avg,0.0,20
screen_3d_avg,0.008428222793797034,20
academic_3d_avg,0.05381230998242539,20
sleep_7d_avg,0.0,20
screen_7d_avg,0.01988854897633457,20
sleep_14d_avg,0.010209299570905913,20
sleep_7d_std,0.0,20
screen_7d_std,0.0,20
sleep_lag1,0.0,20
screen_lag1,0.0,20
mood_lag1,0.0,20
sleep_lag2,0.0,20
screen_lag2,0.002278394188368785,20
sleep_change,0.0,20
screen_change,0.0,20
sleep_change_2d,0.0,20
screen_per_sleep,0.0,20
academic_per_sleep,0.7405137268196685,20
sleep_x_academic,0.0,20
screen_x_academic,0.026338440705114582,20
sleep_debt_7d,0.0,20
sleep_efficiency,0.024014756829825682,20
weekend_streak,0.0,20
is_weekend,0.0,20
is_exam_period,0.11451630013355955,20
seasonal_stress,0.0,20
sleep_hours,0.0,21
screen_time_minutes,0.0,21
academic_load_score,0.0,21
mood_score,0.0,21
sleep_3d_avg,0.0,21
screen_3d_avg,0.0,21
academic_3d_avg,0.0,21
sleep_7d_avg,0.0,21
screen_7d_avg,0.0,21
sleep_14d_avg,0.0,21
sleep_7d_std,0.0,21
screen_7d_std,0.0,21
sleep_lag1,0.0,21
screen_lag1,0.0,21
mood_lag1,0.0,21
sleep_lag2,0.0,21
screen_lag2,0.0,21
sleep_change,0.0,21
screen_change,0.0,21
sleep_change_2d,0.0,21
screen_per_sleep,0.06516743055760915,21
academic_per_sleep,0.7914121728104035,21
sleep_x_academic,0.0,21
screen_x_academic,0.14342039663198727,21
sleep_debt_7d,0.0,21
sleep_efficiency,0.0,21
weekend_streak,0.0,21
is_weekend,0.0,21
is_exam_period,0.0,21
seasonal_stress,0.0,21
sleep_hours,0.0,22
screen_time_minutes,0.0,22
academic_load_score,0.0,22
mood_score,0.0,22
sleep_3d_avg,0.0,22
screen_3d_avg,0.0,22
academic_3d_avg,0.0,22
sleep_7d_avg,0.0,22
screen_7d_avg,0.0,22
sleep_14d_avg,0.0,22
sleep_7d_std,0.0,22
screen_7d_std,0.0,22
sleep_lag1,0.012517361601472031,22
screen_lag1,0.0,22
mood_lag1,0.0,22
sleep_lag2,0.0,22
screen_lag2,0.0,22
sleep_change,0.0,22
screen_change,0.046596158488380376,22
sleep_change_2d,0.04642838016065293,22
screen_per_sleep,0.7683335053589483,22
academic_per_sleep,0.014650446421443952,22
sleep_x_academic,0.0,22
screen_x_academic,0.0,22
sleep_debt_7d,0.0,22
sleep_efficiency,0.1114741479691024,22
weekend_streak,0.0,22
is_weekend,0.0,22
is_exam_period,0.0,22
seasonal_stress,0.0,22
sleep_hours,0.0,23
screen_time_minutes,0.009456648725184761,23
academic_load_score,0.8203017876711718,23
mood_score,0.0,23
sleep_3d_avg,0.0,23
screen_3d_avg,0.0,23
academic_3d_avg,0.0,23
sleep_7d_avg,0.0,23
screen_7d_avg,0.0,23
sleep_14d_avg,0.0,23
sleep_7d_std,0.0,23
screen_7d_std,0.0,23
sleep_lag1,0.0,23
screen_lag1,0.0,23
mood_lag1,0.0,23
sleep_lag2,0.0,23
screen_lag2,0.0,23
sleep_change,0.0,23
screen_change,0.0,23
sleep_change_2d,0.0,23
screen_per_sleep,0.0,23
academic_per_sleep,0.0,23
sleep_x_academic,0.02769534690646988,23
screen_x_academic,0.0,23
sleep_debt_7d,0.0,23
sleep_efficiency,0.14254621669717352,23
weekend_streak,0.0,23
is_weekend,0.0,23
is_exam_period,0.0,23
seasonal_stress,0.0,23
sleep_hours,0.0,24
screen_time_minutes,0.0,24
academic_load_score,0.0,24
mood_score,0.0,24
sleep_3d_avg,0.0,24
screen_3d_avg,0.05996196708202715,24
academic_3d_avg,0.0,24
sleep_7d_avg,0.0,24
screen_7d_avg,0.0,24
sleep_14d_avg,0.0,24
sleep_7d_std,0.0276123885777854,24
screen_7d_std,0.0,24
sleep_lag1,0.0,24
screen_lag1,0.0,24
mood_lag1,0.0,24
sleep_lag2,0.0,24
screen_lag2,0.0,24
sleep_change,0.0,24
screen_change,0.0,24
sleep_change_2d,0.0,24
screen_per_sleep,0.07687615676804914,24
academic_per_sleep,0.03587726415254803,24
sleep_x_academic,0.0,24
screen_x_academic,0.6516670178157317,24
sleep_debt_7d,0.0,24
sleep_efficiency,0.0,24
weekend_streak,0.0,24
is_weekend,0.0,24
is_exam_period,0.1480052056038586,24
seasonal_stress,0.0,24
sleep_hours,0.0,25
screen_time_minutes,0.08184806291590768,25
academic_load_score,0.0,25
mood_score,0.0,25
sleep_3d_avg,0.0,25
screen_3d_avg,0.03558681613907155,25
academic_3d_avg,0.0,25
sleep_7d_avg,0.0,25
screen_7d_avg,0.0,25
sleep_14d_avg,0.0,25
sleep_7d_std,0.0,25
screen_7d_std,0.0,25
sleep_lag1,0.0,25
screen_lag1,0.0,25
mood_lag1,0.0,25
sleep_lag2,0.0,25
screen_lag2,0.0,25
sleep_change,0.0,25
screen_change,0.0,25
sleep_change_2d,0.0,25
screen_per_sleep,0.08190488609925319,25
academic_per_sleep,0.8006602348457675,25
sleep_x_academic,0.0,25
screen_x_academic,0.0,25
sleep_debt_7d,0.0,25
sleep_efficiency,0.0,25
weekend_streak,0.0,25
is_weekend,0.0,25
is_exam_period,0.0,25
seasonal_stress,0.0,25
sleep_hours,0.0,26
screen_time_minutes,0.061946674063939146,26
academic_load_score,0.0,26
mood_score,0.0,26
sleep_3d_avg,0.0,26
screen_3d_avg,0.0,26
academic_3d_avg,0.09428366226138339,26
sleep_7d_avg,0.0,26
screen_7d_avg,0.0,26
sleep_14d_avg,0.0,26
sleep_7d_std,0.0,26
screen_7d_std,0.0,26
sleep_lag1,0.0,26
screen_lag1,0.0,26
mood_lag1,0.0,26
sleep_lag2,0.0,26
screen_lag2,0.0,26
sleep_change,0.0,26
screen_change,0.0,26
sleep_change_2d,0.0,26
screen_per_sleep,0.0,26
academic_per_sleep,0.700365958328802,26
sleep_x_academic,0.0,26
screen_x_academic,0.0,26
sleep_debt_7d,0.14340370534587543,26
sleep_efficiency,0.0,26
weekend_streak,0.0,26
is_weekend,0.0,26
is_exam_period,0.0,26
seasonal_stress,0.0,26
sleep_hours,0.0,27
screen_time_minutes,0.04143336228180703,27
academic_load_score,0.0,27
mood_score,0.0,27
sleep_3d_avg,0.0,27
screen_3d_avg,0.0,27
academic_3d_avg,0.0,27
sleep_7d_avg,0.0,27
screen_7d_avg,0.0,27
sleep_14d_avg,0.05608868325342013,27
sleep_7d_std,0.0,27
screen_7d_std,0.0,27
sleep_lag1,0.04268133887788064,27
screen_lag1,0.0,27
mood_lag1,0.0,27
sleep_lag2,0.0,27
screen_lag2,0.0,27
sleep_change,0.0,27
screen_change,0.06697057277183927,27
sleep_change_2d,0.0,27
screen_per_sleep,0.14931411489817775,27
academic_per_sleep,0.0,27
sleep_x_academic,0.0,27
screen_x_academic,0.49484623747018014,27
sleep_debt_7d,0.0,27
sleep_efficiency,0.03206268713125977,27
weekend_streak,0.0,27
is_weekend,0.0,27
is_exam_period,0.08690334545903847,27
seasonal_stress,0.029699657856396992,27
sleep_hours,0.0,28
screen_time_minutes,0.05199560970674064,28
academic_load_score,0.09226184652908946,28
mood_score,0.0,28
sleep_3d_avg,0.0,28
screen_3d_avg,0.0,28
academic_3d_avg,0.0,28
sleep_7d_avg,0.0,28
screen_7d_avg,0.0,28
sleep_14d_avg,0.0,28
sleep_7d_std,0.0,28
screen_7d_std,0.0,28
sleep_lag1,0.0,28
screen_lag1,0.0,28
mood_lag1,0.0,28
sleep_lag2,0.0,28
screen_lag2,0.0,28
sleep_change,0.0,28
screen_change,0.0,28
sleep_change_2d,0.0,28
screen_per_sleep,0.2823243713553304,28
academic_per_sleep,0.0,28
sleep_x_academic,0.0,28
screen_x_academic,0.5734181724088395,28
sleep_debt_7d,0.0,28
sleep_efficiency,0.0,28
weekend_streak,0.0,28
is_weekend,0.0,28
is_exam_period,0.0,28
seasonal_stress,0.0,28
sleep_hours,0.03586679498858028,29
screen_time_minutes,0.05777521961904167,29
academic_load_score,0.011589883001479942,29
mood_score,0.0,29
sleep_3d_avg,0.0,29
screen_3d_avg,0.0,29
academic_3d_avg,0.022871273797000498,29
sleep_7d_avg,0.0,29
screen_7d_avg,0.0,29
sleep_14d_avg,0.0067320110885704535,29
sleep_7d_std,0.0,29
screen_7d_std,0.026279385875448723,29
sleep_lag1,0.009451101599710587,29
screen_lag1,0.0,29
mood_lag1,0.0,29
sleep_lag2,0.0,29
screen_lag2,0.006016452482213774,29
sleep_change,0.0,29
screen_change,0.020766519141301922,29
sleep_change_2d,0.0,29
screen_per_sleep,0.0,29
academic_per_sleep,0.11224530324349766,29
sleep_x_academic,0.0,29
screen_x_academic,0.6904060551631545,29
sleep_debt_7d,0.0,29
sleep_efficiency,0.0,29
weekend_streak,0.0,29
is_weekend,0.0,29
is_exam_period,0.0,29
seasonal_stress,0.0,29
sleep_hours,0.0,30
screen_time_minutes,0.0793840363418837,30
academic_load_score,0.02143602906214518,30
mood_score,0.0,30
sleep_3d_avg,0.0,30
screen_3d_avg,0.0,30
academic_3d_avg,0.056750354154160666,30
sleep_7d_avg,0.0,30
screen_7d_avg,0.0,30
sleep_14d_avg,0.0,30
sleep_7d_std,0.0,30
screen_7d_std,0.0,30
sleep_lag1,0.0,30
screen_lag1,0.0,30
mood_lag1,0.0,30
sleep_lag2,0.0,30
screen_lag2,0.0,30
sleep_change,0.0,30
screen_change,0.04369761362206141,30
sleep_change_2d,0.0,30
screen_per_sleep,0.02813822278960458,30
academic_per_sleep,0.4947850981337393,30
sleep_x_academic,0.0,30
screen_x_academic,0.2377779395798631,30
sleep_debt_7d,0.03803070631654211,30
sleep_efficiency,0.0,30
weekend_streak,0.0,30
is_weekend,0.0,30
is_exam_period,0.0,30
seasonal_stress,0.0,30
sleep_hours,0.0,31
screen_time_minutes,0.0,31
academic_load_score,0.1746717496079708,31
mood_score,0.0,31
sleep_3d_avg,0.0,31
screen_3d_avg,0.0,31
academic_3d_avg,0.0,31
sleep_7d_avg,0.0,31
screen_7d_avg,0.0,31
sleep_14d_avg,0.0,31
sleep_7d_std,0.0,31
screen_7d_std,0.0,31
sleep_lag1,0.0,31
screen_lag1,0.0,31
mood_lag1,0.03429551191080352,31
sleep_lag2,0.0,31
screen_lag2,0.028163866170314043,31
sleep_change,0.0,31
screen_change,0.0,31
sleep_change_2d,0.0,31
screen_per_sleep,0.42689318215140326,31
academic_per_sleep,0.0,31
sleep_x_academic,0.01779003824344054,31
screen_x_academic,0.0,31
sleep_debt_7d,0.10401020449973707,31
sleep_efficiency,0.12964715252049488,31
weekend_streak,0.0,31
is_weekend,0.0,31
is_exam_period,0.08452829489583576,31
seasonal_stress,0.0,31
sleep_hours,0.0,32
screen_time_minutes,0.16346753707856618,32
academic_load_score,0.0,32
mood_score,0.0,32
sleep_3d_avg,0.0,32
screen_3d_avg,0.0,32
academic_3d_avg,0.0,32
sleep_7d_avg,0.0,32
screen_7d_avg,0.0,32
sleep_14d_avg,0.0,32
sleep_7d_std,0.0,32
screen_7d_std,0.022295281093067994,32
sleep_lag1,0.0,32
screen_lag1,0.0,32
mood_lag1,0.0,32
sleep_lag2,0.0,32
screen_lag2,0.0,32
sleep_change,0.0,32
screen_change,0.0,32
sleep_change_2d,0.0,32
screen_per_sleep,0.0,32
academic_per_sleep,0.743950294850717,32
sleep_x_academic,0.0,32
screen_x_academic,0.0702868869776489,32
sleep_debt_7d,0.0,32
sleep_efficiency,0.0,32
weekend_streak,0.0,32
is_weekend,0.0,32
is_exam_period,0.0,32
seasonal_stress,0.0,32
sleep_hours,0.0,33
screen_time_minutes,0.0,33
academic_load_score,0.0,33
mood_score,0.0,33
sleep_3d_avg,0.0,33
screen_3d_avg,0.0,33
academic_3d_avg,0.0,33
sleep_7d_avg,0.0,33
screen_7d_avg,0.0,33
sleep_14d_avg,0.0,33
sleep_7d_std,0.0,33
screen_7d_std,0.0,33
sleep_lag1,0.0,33
screen_lag1,0.0,33
mood_lag1,0.0,33
sleep_lag2,0.0,33
screen_lag2,0.0,33
sleep_change,0.0,33
screen_change,0.05251500449001987,33
sleep_change_2d,0.0,33
screen_per_sleep,0.0,33
academic_per_sleep,0.0,33
sleep_x_academic,0.0,33
screen_x_academic,0.9474849955099801,33
sleep_debt_7d,0.0,33
sleep_efficiency,0.0,33
weekend_streak,0.0,33
is_weekend,0.0,33
is_exam_period,0.0,33
seasonal_stress,0.0,33
sleep_hours,0.0,34
screen_time_minutes,0.0,34
academic_load_score,0.0,34
mood_score,0.0,34
sleep_3d_avg,0.0,34
screen_3d_avg,0.0,34
academic_3d_avg,0.0,34
sleep_7d_avg,0.0,34
screen_7d_avg,0.0,34
sleep_14d_avg,0.0,34
sleep_7d_std,0.0,34
screen_7d_std,0.0,34
sleep_lag1,0.0,34
screen_lag1,0.0,34
mood_lag1,0.0,34
sleep_lag2,0.0,34
screen_lag2,0.0,34
sleep_change,0.0,34
screen_change,0.0,34
sleep_change_2d,0.0,34
screen_per_sleep,0.0,34
academic_per_sleep,0.1836977175301025,34
sleep_x_academic,0.0,34
screen_x_academic,0.8163022824698974,34
sleep_debt_7d,0.0,34
sleep_efficiency,0.0,34
weekend_streak,0.0,34
is_weekend,0.0,34
is_exam_period,0.0,34
seasonal_stress,0.0,34
sleep_hours,0.0,35
screen_time_minutes,0.0,35
academic_load_score,0.0,35
mood_score,0.0,35
sleep_3d_avg,0.0,35
screen_3d_avg,0.0,35
academic_3d_avg,0.0,35
sleep_7d_avg,0.0,35
screen_7d_avg,0.12751226639584334,35
sleep_14d_avg,0.0,35
sleep_7d_std,0.03420816628736178,35
screen_7d_std,0.0,35
sleep_lag1,0.0,35
screen_lag1,0.0,35
mood_lag1,0.0,35
sleep_lag2,0.0,35
screen_lag2,0.0,35
sleep_change,0.0,35
screen_change,0.0,35
sleep_change_2d,0.0,35
screen_per_sleep,0.603647824949149,35
academic_per_sleep,0.21697565621678683,35
sleep_x_academic,0.0,35
screen_x_academic,0.0,35
sleep_debt_7d,0.0,35
sleep_efficiency,0.01765608615085898,35
weekend_streak,0.0,35
is_weekend,0.0,35
is_exam_period,0.0,35
seasonal_stress,0.0,35
sleep_hours,0.0,36
screen_time_minutes,0.0,36
academic_load_score,0.0,36
mood_score,0.0,36
sleep_3d_avg,0.0,36
screen_3d_avg,3.1124485960939e-16,36
academic_3d_avg,0.0021730297120849534,36
sleep_7d_avg,0.0,36
screen_7d_avg,0.0,36
sleep_14d_avg,0.0,36
sleep_7d_std,0.0,36
screen_7d_std,0.0,36
sleep_lag1,0.0,36
screen_lag1,0.0,36
mood_lag1,0.0,36
sleep_lag2,0.0,36
screen_lag2,0.0,36
sleep_change,0.0,36
screen_change,0.0,36
sleep_change_2d,0.0,36
screen_per_sleep,0.0,36
academic_per_sleep,0.8137944783454766,36
sleep_x_academic,0.0,36
screen_x_academic,0.11234066125069571,36
sleep_debt_7d,0.0,36
sleep_efficiency,0.0,36
weekend_streak,0.0,36
is_weekend,0.0,36
is_exam_period,0.07169183069174251,36
seasonal_stress,0.0,36
sleep_hours,0.0,37
screen_time_minutes,0.0,37
academic_load_score,0.0,37
mood_score,0.0,37
sleep_3d_avg,0.0,37
screen_3d_avg,0.0,37
academic_3d_avg,0.0,37
sleep_7d_avg,0.0,37
screen_7d_avg,0.0,37
sleep_14d_avg,0.0,37
sleep_7d_std,0.0,37
screen_7d_std,0.0,37
sleep_lag1,0.0,37
screen_lag1,0.0,37
mood_lag1,0.0,37
sleep_lag2,0.02851214264839677,37
screen_lag2,0.0,37
sleep_change,0.0,37
screen_change,0.0,37
sleep_change_2d,0.0,37
screen_per_sleep,0.09145221635768513,37
academic_per_sleep,0.17474660103655348,37
sleep_x_academic,0.0,37
screen_x_academic,0.0,37
sleep_debt_7d,0.0,37
sleep_efficiency,0.0,37
weekend_streak,0.0,37
is_weekend,0.0,37
is_exam_period,0.7052890399573646,37
seasonal_stress,0.0,37
sleep_hours,0.04176379069791708,38
screen_time_minutes,0.0,38
academic_load_score,0.017003682557463946,38
mood_score,0.0,38
sleep_3d_avg,0.0,38
screen_3d_avg,0.0,38
academic_3d_avg,0.0,38
sleep_7d_avg,0.0,38
screen_7d_avg,0.013862874951308083,38
sleep_14d_avg,0.048624098150679876,38
sleep_7d_std,0.0,38
screen_7d_std,0.0,38
sleep_lag1,0.0,38
screen_lag1,0.007034096693152834,38
mood_lag1,0.0,38
sleep_lag2,0.027754944146073778,38
screen_lag2,0.0,38
sleep_change,0.0,38
screen_change,0.0,38
sleep_change_2d,0.008029466990951518,38
screen_per_sleep,0.034250418576848386,38
academic_per_sleep,0.06072612373898752,38
sleep_x_academic,0.0,38
screen_x_academic,0.49641890886567314,38
sleep_debt_7d,0.0,38
sleep_efficiency,0.2445315946309438,38
weekend_streak,0.0,38
is_weekend,0.0,38
is_exam_period,0.0,38
seasonal_stress,0.0,38
sleep_hours,0.0,39
screen_time_minutes,0.0,39
academic_load_score,0.0,39
mood_score,0.0,39
sleep_3d_avg,0.0,39
screen_3d_avg,0.0,39
academic_3d_avg,0.0,39
sleep_7d_avg,0.0,39
screen_7d_avg,0.0,39
sleep_14d_avg,0.0,39
sleep_7d_std,0.0,39
screen_7d_std,2.8583260491234323e-16,39
sleep_lag1,0.0,39
screen_lag1,0.0,39
mood_lag1,0.0,39
sleep_lag2,0.0,39
screen_lag2,0.0,39
sleep_change,0.0,39
screen_change,0.0,39
sleep_change_2d,0.0,39
screen_per_sleep,0.0,39
academic_per_sleep,0.0,39
sleep_x_academic,0.0,39
screen_x_academic,0.2861355802574454,39
sleep_debt_7d,0.0,39
sleep_efficiency,0.6334257647531024,39
weekend_streak,0.0,39
is_weekend,0.0,39
is_exam_period,0.08043865498945203,39
seasonal_stress,0.0,39
sleep_hours,0.0,40
screen_time_minutes,0.0,40
academic_load_score,0.030384003432413806,40
mood_score,0.0,40
sleep_3d_avg,0.0,40
screen_3d_avg,0.0,40
academic_3d_avg,0.0,40
sleep_7d_avg,0.0,40
screen_7d_avg,0.04498035192843486,40
sleep_14d_avg,0.0,40
sleep_7d_std,0.0754105486989995,40
screen_7d_std,0.0,40
sleep_lag1,2.683959852369725e-16,40
screen_lag1,0.0,40
mood_lag1,0.0,40
sleep_lag2,0.0,40
screen_lag2,0.0,40
sleep_change,0.0,40
screen_change,0.0,40
sleep_change_2d,0.0,40
screen_per_sleep,0.2777800570582624,40
academic_per_sleep,0.017825441519025136,40
sleep_x_academic,0.0,40
screen_x_academic,0.42100888366981754,40
sleep_debt_7d,0.0,40
sleep_efficiency,0.0,40
weekend_streak,0.0,40
is_weekend,0.0,40
is_exam_period,0.13261071369304642,40
seasonal_stress,0.0,40
sleep_hours,0.0,41
screen_time_minutes,4.1272613098316776e-16,41
academic_load_score,0.0,41
mood_score,0.0,41
sleep_3d_avg,0.0,41
screen_3d_avg,0.0,41
academic_3d_avg,0.0,41
sleep_7d_avg,0.0,41
screen_7d_avg,0.0,41
sleep_14d_avg,2.0777971478859196e-16,41
sleep_7d_std,0.0,41
screen_7d_std,2.5886274778302277e-17,41
sleep_lag1,0.0,41
screen_lag1,0.0,41
mood_lag1,0.0,41
sleep_lag2,0.05155249952285489,41
screen_lag2,0.0,41
sleep_change,0.0,41
screen_change,0.0,41
sleep_change_2d,0.05176521953282201,41
screen_per_sleep,0.0996334871803022,41
academic_per_sleep,0.026468598290039988,41
sleep_x_academic,0.0,41
screen_x_academic,0.17967264133725572,41
sleep_debt_7d,0.0,41
sleep_efficiency,0.0,41
weekend_streak,0.0,41
is_weekend,0.0,41
is_exam_period,0.5909075541367246,41
seasonal_stress,0.0,41
sleep_hours,0.0,42
screen_time_minutes,0.0,42
academic_load_score,0.0,42
mood_score,0.0,42
sleep_3d_avg,0.0,42
screen_3d_avg,0.0,42
academic_3d_avg,0.0,42
sleep_7d_avg,0.0,42
screen_7d_avg,0.0,42
sleep_14d_avg,0.02187199383953988,42
sleep_7d_std,0.0,42
screen_7d_std,0.0,42
sleep_lag1,0.028976727824613066,42
screen_lag1,0.028224257604971992,42
mood_lag1,0.0,42
sleep_lag2,0.0,42
screen_lag2,0.0,42
sleep_change,0.0,42
screen_change,0.0,42
sleep_change_2d,0.0,42
screen_per_sleep,0.6976387289656173,42
academic_per_sleep,0.0,42
sleep_x_academic,0.0299611426876983,42
screen_x_academic,0.19332714907755946,42
sleep_debt_7d,0.0,42
sleep_efficiency,0.0,42
weekend_streak,0.0,42
is_weekend,0.0,42
is_exam_period,0.0,42
seasonal_stress,0.0,42
sleep_hours,0.0,43
screen_time_minutes,0.0,43
academic_load_score,0.028086082677501695,43
mood_score,0.0,43
sleep_3d_avg,0.0,43
screen_3d_avg,2.431115861396784e-16,43
academic_3d_avg,0.0,43
sleep_7d_avg,0.0,43
screen_7d_avg,0.0,43
sleep_14d_avg,0.08135689834635788,43
sleep_7d_std,0.0,43
screen_7d_std,1.2264870229823947e-16,43
sleep_lag1,0.03431253757465578,43
screen_lag1,0.0,43
mood_lag1,0.0,43
sleep_lag2,0.0,43
screen_lag2,0.0,43
sleep_change,0.0,43
screen_change,0.0,43
sleep_change_2d,0.0,43
screen_per_sleep,0.14592141894585076,43
academic_per_sleep,0.5605359298793664,43
sleep_x_academic,0.0,43
screen_x_academic,0.06487604937690472,43
sleep_debt_7d,0.0,43
sleep_efficiency,0.0,43
weekend_streak,0.0,43
is_weekend,0.0,43
is_exam_period,0.08491108319936237,43
seasonal_stress,0.0,43
sleep_hours,0.0,44
screen_time_minutes,0.0,44
academic_load_score,0.0,44
mood_score,0.0,44
sleep_3d_avg,0.03228315441713413,44
screen_3d_avg,0.0,44
academic_3d_avg,0.0,44
sleep_7d_avg,0.0,44
screen_7d_avg,0.0,44
sleep_14d_avg,0.0,44
sleep_7d_std,0.0,44
screen_7d_std,0.0,44
sleep_lag1,0.0,44
screen_lag1,0.0,44
mood_lag1,0.0,44
sleep_lag2,0.0,44
screen_lag2,0.0,44
sleep_change,0.0,44
screen_change,0.0,44
sleep_change_2d,0.0,44
screen_per_sleep,0.0,44
academic_per_sleep,0.20812444759197277,44
sleep_x_academic,0.0,44
screen_x_academic,0.0,44
sleep_debt_7d,0.0,44
sleep_efficiency,0.7595923979908932,44
weekend_streak,0.0,44
is_weekend,0.0,44
is_exam_period,0.0,44
seasonal_stress,0.0,44
sleep_hours,0.0,45
screen_time_minutes,0.0,45
academic_load_score,0.0,45
mood_score,0.004420183639182203,45
sleep_3d_avg,0.0,45
screen_3d_avg,0.0,45
academic_3d_avg,0.0,45
sleep_7d_avg,0.0,45
screen_7d_avg,0.0,45
sleep_14d_avg,0.0,45
sleep_7d_std,0.0,45
screen_7d_std,0.0,45
sleep_lag1,0.0,45
screen_lag1,0.0,45
mood_lag1,0.0,45
sleep_lag2,0.0,45
screen_lag2,0.0,45
sleep_change,0.0,45
screen_change,0.0,45
sleep_change_2d,0.0,45
screen_per_sleep,0.0,45
academic_per_sleep,0.3122279361821051,45
sleep_x_academic,0.0,45
screen_x_academic,0.03086877168077884,45
sleep_debt_7d,0.018725425008339413,45
sleep_efficiency,0.10249718965010786,45
weekend_streak,0.0,45
is_weekend,0.0,45
is_exam_period,0.49790352660891646,45
seasonal_stress,0.033356967230570064,45
sleep_hours,0.06624935400070797,46
screen_time_minutes,0.0,46
academic_load_score,0.0,46
mood_score,0.0,46
sleep_3d_avg,0.0,46
screen_3d_avg,0.0,46
academic_3d_avg,0.0,46
sleep_7d_avg,0.0,46
screen_7d_avg,0.0,46
sleep_14d_avg,0.12396848731660672,46
sleep_7d_std,0.0,46
screen_7d_std,0.03804454513055536,46
sleep_lag1,0.0,46
screen_lag1,0.0,46
mood_lag1,0.0,46
sleep_lag2,0.0,46
screen_lag2,0.0,46
sleep_change,0.0,46
screen_change,0.0,46
sleep_change_2d,0.0,46
screen_per_sleep,0.0,46
academic_per_sleep,0.5817755168070077,46
sleep_x_academic,0.023478123517433974,46
screen_x_academic,0.03705911396954639,46
sleep_debt_7d,0.0,46
sleep_efficiency,0.03118933409098095,46
weekend_streak,0.0,46
is_weekend,0.0,46
is_exam_period,0.09823552516716089,46
seasonal_stress,0.0,46
sleep_hours,0.0,47
screen_time_minutes,0.0,47
academic_load_score,0.0,47
mood_score,0.0,47
sleep_3d_avg,0.018528408381675857,47
screen_3d_avg,0.0,47
academic_3d_avg,0.0,47
sleep_7d_avg,0.0,47
screen_7d_avg,0.0,47
sleep_14d_avg,0.0,47
sleep_7d_std,0.0,47
screen_7d_std,0.0,47
sleep_lag1,0.0,47
screen_lag1,0.0,47
mood_lag1,0.0,47
sleep_lag2,0.0,47
screen_lag2,0.0,47
sleep_change,0.0,47
screen_change,0.1345397147695668,47
sleep_change_2d,0.0,47
screen_per_sleep,0.0,47
academic_per_sleep,0.8096169641589765,47
sleep_x_academic,0.0,47
screen_x_academic,0.037314912689780814,47
sleep_debt_7d,0.0,47
sleep_efficiency,0.0,47
weekend_streak,0.0,47
is_weekend,0.0,47
is_exam_period,0.0,47
seasonal_stress,0.0,47
sleep_hours,0.0,48
screen_time_minutes,0.0,48
academic_load_score,0.0,48
mood_score,0.0,48
sleep_3d_avg,0.0,48
screen_3d_avg,0.0,48
academic_3d_avg,0.0,48
sleep_7d_avg,0.0,48
screen_7d_avg,0.0,48
sleep_14d_avg,0.0,48
sleep_7d_std,0.0,48
screen_7d_std,0.0,48
sleep_lag1,0.0,48
screen_lag1,0.0,48
mood_lag1,0.0,48
sleep_lag2,0.0,48
screen_lag2,0.0,48
sleep_change,0.0,48
screen_change,0.0,48
sleep_change_2d,0.0,48
screen_per_sleep,0.0,48
academic_per_sleep,0.0,48
sleep_x_academic,0.0,48
screen_x_academic,0.2417155700937217,48
sleep_debt_7d,0.0,48
sleep_efficiency,0.7582844299062784,48
weekend_streak,0.0,48
is_weekend,0.0,48
is_exam_period,0.0,48
seasonal_stress,0.0,48
sleep_hours,0.0,49
screen_time_minutes,0.0,49
academic_load_score,0.0,49
mood_score,0.0,49
sleep_3d_avg,0.0,49
screen_3d_avg,0.0,49
academic_3d_avg,0.0,49
sleep_7d_avg,0.0,49
screen_7d_avg,0.02584722573349994,49
sleep_14d_avg,0.03362200983419396,49
sleep_7d_std,0.028318981350898737,49
screen_7d_std,2.734971148785645e-16,49
sleep_lag1,0.0,49
screen_lag1,0.0,49
mood_lag1,0.0,49
sleep_lag2,0.0,49
screen_lag2,0.0,49
sleep_change,0.0,49
screen_change,0.0,49
sleep_change_2d,0.0,49
screen_per_sleep,0.0,49
academic_per_sleep,0.8101618860673677,49
sleep_x_academic,0.0,49
screen_x_academic,0.10204989701403938,49
sleep_debt_7d,0.0,49
sleep_efficiency,0.0,49
weekend_streak,0.0,49
is_weekend,0.0,49
is_exam_period,0.0,49
seasonal_stress,0.0,49
sleep_hours,0.0,50
screen_time_minutes,0.0,50
academic_load_score,0.0,50
mood_score,0.0,50
sleep_3d_avg,0.0,50
screen_3d_avg,0.0,50
academic_3d_avg,0.02829692255332637,50
sleep_7d_avg,0.0,50
screen_7d_avg,0.0,50
sleep_14d_avg,0.0,50
sleep_7d_std,0.0,50
screen_7d_std,0.0,50
sleep_lag1,0.0,50
screen_lag1,0.0,50
mood_lag1,0.0,50
sleep_lag2,0.0,50
screen_lag2,0.0,50
sleep_change,0.0,50
screen_change,0.0,50
sleep_change_2d,0.0,50
screen_per_sleep,0.0,50
academic_per_sleep,0.0,50
sleep_x_academic,0.0,50
screen_x_academic,0.6154222263551085,50
sleep_debt_7d,0.0,50
sleep_efficiency,0.05970483475195522,50
weekend_streak,0.0,50
is_weekend,0.0,50
is_exam_period,0.29657601633960984,50
seasonal_stress,0.0,50
sleep_hours,0.08612865214711764,51
screen_time_minutes,0.0,51
academic_load_score,0.0,51
mood_score,0.0,51
sleep_3d_avg,0.0,51
screen_3d_avg,0.0,51
academic_3d_avg,0.16763160739246266,51
sleep_7d_avg,0.0,51
screen_7d_avg,0.0,51
sleep_14d_avg,0.0,51
sleep_7d_std,0.0,51
screen_7d_std,0.0,51
sleep_lag1,0.0,51
screen_lag1,0.0,51
mood_lag1,0.0,51
sleep_lag2,0.0,51
screen_lag2,0.0,51
sleep_change,0.0,51
screen_change,0.0,51
sleep_change_2d,0.0,51
screen_per_sleep,0.0,51
academic_per_sleep,0.7462397404604196,51
sleep_x_academic,0.0,51
screen_x_academic,0.0,51
sleep_debt_7d,0.0,51
sleep_efficiency,0.0,51
weekend_streak,0.0,51
is_weekend,0.0,51
is_exam_period,0.0,51
seasonal_stress,0.0,51
sleep_hours,0.0,52
screen_time_minutes,0.0,52
academic_load_score,0.0,52
mood_score,0.0,52
sleep_3d_avg,0.0,52
screen_3d_avg,0.0,52
academic_3d_avg,0.0,52
sleep_7d_avg,0.0,52
screen_7d_avg,0.0,52
sleep_14d_avg,0.0,52
sleep_7d_std,0.0,52
screen_7d_std,0.0,52
sleep_lag1,0.0,52
screen_lag1,0.0,52
mood_lag1,0.0,52
sleep_lag2,0.0,52
screen_lag2,0.0,52
sleep_change,0.0,52
screen_change,0.0,52
sleep_change_2d,0.0,52
screen_per_sleep,0.0,52
academic_per_sleep,0.3736410275750317,52
sleep_x_academic,0.0,52
screen_x_academic,0.6263589724249683,52
sleep_debt_7d,0.0,52
sleep_efficiency,0.0,52
weekend_streak,0.0,52
is_weekend,0.0,52
is_exam_period,0.0,52
seasonal_stress,0.0,52
sleep_hours,0.0,53
screen_time_minutes,1.0158257036150157e-16,53
academic_load_score,0.0,53
mood_score,0.0,53
sleep_3d_avg,0.0,53
screen_3d_avg,0.03148272724565979,53
academic_3d_avg,0.0,53
sleep_7d_avg,0.0,53
screen_7d_avg,0.0,53
sleep_14d_avg,0.0,53
sleep_7d_std,0.0,53
screen_7d_std,0.02724703080938267,53
sleep_lag1,0.0,53
screen_lag1,0.0,53
mood_lag1,0.0,53
sleep_lag2,0.0,53
screen_lag2,0.0,53
sleep_change,0.0,53
screen_change,0.0,53
sleep_change_2d,0.0,53
screen_per_sleep,0.0,53
academic_per_sleep,0.8735088054111616,53
sleep_x_academic,0.0,53
screen_x_academic,0.0,53
sleep_debt_7d,0.04790800734403278,53
sleep_efficiency,0.0,53
weekend_streak,0.0,53
is_weekend,0.019853429189762965,53
is_exam_period,0.0,53
seasonal_stress,0.0,53
sleep_hours,0.0,54
screen_time_minutes,2.845518060743102e-16,54
academic_load_score,0.0,54
mood_score,0.0,54
sleep_3d_avg,0.07407398599611847,54
screen_3d_avg,0.0,54
academic_3d_avg,0.0482301878950879,54
sleep_7d_avg,0.0,54
screen_7d_avg,0.0,54
sleep_14d_avg,0.0,54
sleep_7d_std,0.0,54
screen_7d_std,0.037689368616201875,54
sleep_lag1,0.0,54
screen_lag1,0.045531769886827,54
mood_lag1,0.0,54
sleep_lag2,0.01808042662233992,54
screen_lag2,0.0,54
sleep_change,0.0,54
screen_change,0.0,54
sleep_change_2d,0.0,54
screen_per_sleep,0.09612027388802519,54
academic_per_sleep,0.3885364003255618,54
sleep_x_academic,0.0,54
screen_x_academic,0.23751917744617032,54
sleep_debt_7d,0.0,54
sleep_efficiency,0.021834402493781387,54
weekend_streak,0.0,54
is_weekend,0.0,54
is_exam_period,0.03238400682988594,54
seasonal_stress,0.0,54
sleep_hours,0.0,55
screen_time_minutes,0.0,55
academic_load_score,0.0,55
mood_score,0.0,55
sleep_3d_avg,0.0,55
screen_3d_avg,0.0,55
academic_3d_avg,0.0,55
sleep_7d_avg,0.0,55
screen_7d_avg,0.0,55
sleep_14d_avg,0.0,55
sleep_7d_std,0.0,55
screen_7d_std,0.0,55
sleep_lag1,0.0,55
screen_lag1,0.0,55
mood_lag1,0.0,55
sleep_lag2,0.0,55
screen_lag2,0.0,55
sleep_change,0.0,55
screen_change,0.0,55
sleep_change_2d,0.0,55
screen_per_sleep,0.8124429408893483,55
academic_per_sleep,0.18755705911065168,55
sleep_x_academic,0.0,55
screen_x_academic,0.0,55
sleep_debt_7d,0.0,55
sleep_efficiency,0.0,55
weekend_streak,0.0,55
is_weekend,0.0,55
is_exam_period,0.0,55
seasonal_stress,0.0,55
sleep_hours,0.0,56
screen_time_minutes,0.18153356581250316,56
academic_load_score,0.0,56
mood_score,0.0,56
sleep_3d_avg,0.0,56
screen_3d_avg,0.0,56
academic_3d_avg,0.0,56
sleep_7d_avg,0.0,56
screen_7d_avg,0.0,56
sleep_14d_avg,0.0,56
sleep_7d_std,0.0,56
screen_7d_std,0.0,56
sleep_lag1,0.0,56
screen_lag1,0.04525711113582971,56
mood_lag1,0.0,56
sleep_lag2,0.0,56
screen_lag2,0.0,56
sleep_change,0.0,56
screen_change,0.0,56
sleep_change_2d,0.0,56
screen_per_sleep,0.04138662319134735,56
academic_per_sleep,0.6722237293653333,56
sleep_x_academic,0.0,56
screen_x_academic,0.05959897049498657,56
sleep_debt_7d,0.0,56
sleep_efficiency,0.0,56
weekend_streak,0.0,56
is_weekend,0.0,56
is_exam_period,0.0,56
seasonal_stress,0.0,56
sleep_hours,0.0,57
screen_time_minutes,0.0,57
academic_load_score,0.0,57
mood_score,0.0,57
sleep_3d_avg,0.0,57
screen_3d_avg,0.0,57
academic_3d_avg,0.0,57
sleep_7d_avg,0.0,57
screen_7d_avg,0.0,57
sleep_14d_avg,0.0,57
sleep_7d_std,0.0,57
screen_7d_std,0.0,57
sleep_lag1,0.0,57
screen_lag1,0.0,57
mood_lag1,0.0,57
sleep_lag2,0.06050301551874755,57
screen_lag2,0.03536673151963618,57
sleep_change,0.0,57
screen_change,0.0,57
sleep_change_2d,0.0,57
screen_per_sleep,0.594257224875297,57
academic_per_sleep,0.0,57
sleep_x_academic,0.0,57
screen_x_academic,0.30987302808631917,57
sleep_debt_7d,0.0,57
sleep_efficiency,0.0,57
weekend_streak,0.0,57
is_weekend,0.0,57
is_exam_period,0.0,57
seasonal_stress,0.0,57
sleep_hours,0.0,58
screen_time_minutes,0.0,58
academic_load_score,0.0,58
mood_score,0.0,58
sleep_3d_avg,0.0,58
screen_3d_avg,0.0,58
academic_3d_avg,0.07533339051165543,58
sleep_7d_avg,0.0,58
screen_7d_avg,0.0,58
sleep_14d_avg,0.0,58
sleep_7d_std,0.0,58
screen_7d_std,0.0,58
sleep_lag1,0.0,58
screen_lag1,0.0,58
mood_lag1,0.0,58
sleep_lag2,0.0,58
screen_lag2,0.0,58
sleep_change,0.0,58
screen_change,0.0,58
sleep_change_2d,0.0,58
screen_per_sleep,0.0,58
academic_per_sleep,0.0,58
sleep_x_academic,0.0,58
screen_x_academic,0.9246666094883446,58
sleep_debt_7d,0.0,58
sleep_efficiency,0.0,58
weekend_streak,0.0,58
is_weekend,0.0,58
is_exam_period,0.0,58
seasonal_stress,0.0,58
sleep_hours,0.0,59
screen_time_minutes,2.8982882360545976e-16,59
academic_load_score,0.0,59
mood_score,0.0,59
sleep_3d_avg,0.0,59
screen_3d_avg,0.05995000609665467,59
academic_3d_avg,0.0,59
sleep_7d_avg,0.0,59
screen_7d_avg,0.03331848788262937,59
sleep_14d_avg,0.0,59
sleep_7d_std,0.0,59
screen_7d_std,0.0,59
sleep_lag1,0.0,59
screen_lag1,0.0,59
mood_lag1,0.0,59
sleep_lag2,0.0,59
screen_lag2,0.0,59
sleep_change,0.0,59
screen_change,0.0,59
sleep_change_2d,0.0,59
screen_per_sleep,0.564396260377644,59
academic_per_sleep,0.05522923284703302,59
sleep_x_academic,0.0,59
screen_x_academic,0.20054355774270202,59
sleep_debt_7d,0.0,59
sleep_efficiency,0.08656245505333675,59
weekend_streak,0.0,59
is_weekend,0.0,59
is_exam_period,0.0,59
seasonal_stress,0.0,59
sleep_hours,0.0,60
screen_time_minutes,0.0,60
academic_load_score,0.0,60
mood_score,0.0,60
sleep_3d_avg,0.0,60
screen_3d_avg,0.0,60
academic_3d_avg,0.0,60
sleep_7d_avg,0.0,60
screen_7d_avg,0.0,60
sleep_14d_avg,0.0,60
sleep_7d_std,0.0,60
screen_7d_std,0.0,60
sleep_lag1,0.0,60
screen_lag1,0.0,60
mood_lag1,0.0,60
sleep_lag2,0.0,60
screen_lag2,0.0,60
sleep_change,0.0,60
screen_change,0.0,60
sleep_change_2d,0.0,60
screen_per_sleep,0.0,60
academic_per_sleep,0.1562021592029015,60
sleep_x_academic,0.0,60
screen_x_academic,0.7845084936871017,60
sleep_debt_7d,0.0,60
sleep_efficiency,0.0,60
weekend_streak,0.0,60
is_weekend,0.0,60
is_exam_period,0.05928934710999672,60
seasonal_stress,0.0,60
sleep_hours,0.0,61
screen_time_minutes,0.0,61
academic_load_score,0.0,61
mood_score,0.0,61
sleep_3d_avg,0.0,61
screen_3d_avg,0.04501869088850526,61
academic_3d_avg,0.11059743886909372,61
sleep_7d_avg,0.0,61
screen_7d_avg,0.0,61
sleep_14d_avg,0.0,61
sleep_7d_std,0.0,61
screen_7d_std,0.0,61
sleep_lag1,0.0,61
screen_lag1,0.009871308633932417,61
mood_lag1,0.0,61
sleep_lag2,0.0,61
screen_lag2,0.0,61
sleep_change,0.02063284865249893,61
screen_change,0.02069710717878212,61
sleep_change_2d,0.0,61
screen_per_sleep,0.07791874421323117,61
academic_per_sleep,0.5670692110647567,61
sleep_x_academic,0.0,61
screen_x_academic,0.07190573352173901,61
sleep_debt_7d,0.05191636444276482,61
sleep_efficiency,0.02437255253469593,61
weekend_streak,0.0,61
is_weekend,0.0,61
is_exam_period,0.0,61
seasonal_stress,0.0,61
sleep_hours,0.0,62
screen_time_minutes,0.0,62
academic_load_score,0.0,62
mood_score,0.0,62
sleep_3d_avg,0.0,62
screen_3d_avg,0.0,62
academic_3d_avg,0.0,62
sleep_7d_avg,0.0,62
screen_7d_avg,0.0,62
sleep_14d_avg,0.0,62
sleep_7d_std,0.0,62
screen_7d_std,0.0,62
sleep_lag1,0.0,62
screen_lag1,0.0,62
mood_lag1,0.0,62
sleep_lag2,0.0,62
screen_lag2,0.0,62
sleep_change,0.0,62
screen_change,0.0,62
sleep_change_2d,0.0,62
screen_per_sleep,0.0,62
academic_per_sleep,0.6862256674436299,62
sleep_x_academic,0.0,62
screen_x_academic,0.3137743325563701,62
sleep_debt_7d,0.0,62
sleep_efficiency,0.0,62
weekend_streak,0.0,62
is_weekend,0.0,62
is_exam_period,0.0,62
seasonal_stress,0.0,62
sleep_hours,0.0,63
screen_time_minutes,0.0,63
academic_load_score,0.0,63
mood_score,0.0,63
sleep_3d_avg,0.0,63
screen_3d_avg,0.0,63
academic_3d_avg,0.0,63
sleep_7d_avg,0.09772515380275995,63
screen_7d_avg,0.0,63
sleep_14d_avg,0.0,63
sleep_7d_std,0.0,63
screen_7d_std,0.0,63
sleep_lag1,0.0,63
screen_lag1,0.0,63
mood_lag1,0.0,63
sleep_lag2,0.0,63
screen_lag2,0.0,63
sleep_change,0.0,63
screen_change,0.0,63
sleep_change_2d,0.0,63
screen_per_sleep,0.6656700751154507,63
academic_per_sleep,0.17261946217160778,63
sleep_x_academic,0.0,63
screen_x_academic,0.06398530891018155,63
sleep_debt_7d,0.0,63
sleep_efficiency,0.0,63
weekend_streak,0.0,63
is_weekend,0.0,63
is_exam_period,0.0,63
seasonal_stress,0.0,63
sleep_hours,0.0,64
screen_time_minutes,0.0,64
academic_load_score,0.0,64
mood_score,0.0,64
sleep_3d_avg,0.0,64
screen_3d_avg,0.04770856502922775,64
academic_3d_avg,0.0,64
sleep_7d_avg,0.0,64
screen_7d_avg,0.0,64
sleep_14d_avg,0.0,64
sleep_7d_std,0.0,64
screen_7d_std,0.0,64
sleep_lag1,0.0,64
screen_lag1,0.0,64
mood_lag1,0.0,64
sleep_lag2,0.0,64
screen_lag2,0.0,64
sleep_change,0.0,64
screen_change,0.0,64
sleep_change_2d,0.0,64
screen_per_sleep,0.10498920408759539,64
academic_per_sleep,0.5394484397798203,64
sleep_x_academic,0.0,64
screen_x_academic,0.14262741615716545,64
sleep_debt_7d,0.0,64
sleep_efficiency,0.16522637494619105,64
weekend_streak,0.0,64
is_weekend,0.0,64
is_exam_period,0.0,64
seasonal_stress,0.0,64
sleep_hours,0.0,65
screen_time_minutes,2.2467318463653774e-16,65
academic_load_score,0.08451640840110031,65
mood_score,0.0,65
sleep_3d_avg,0.0,65
screen_3d_avg,0.0,65
academic_3d_avg,5.57669745124747e-17,65
sleep_7d_avg,0.08900732903414801,65
screen_7d_avg,0.0,65
sleep_14d_avg,0.035486759392591855,65
sleep_7d_std,0.0,65
screen_7d_std,0.0,65
sleep_lag1,0.0,65
screen_lag1,0.0,65
mood_lag1,0.0,65
sleep_lag2,0.0,65
screen_lag2,0.0,65
sleep_change,0.0,65
screen_change,0.0,65
sleep_change_2d,0.0,65
screen_per_sleep,0.0,65
academic_per_sleep,0.13186343584282997,65
sleep_x_academic,0.026454894007226896,65
screen_x_academic,0.6326711733221027,65
sleep_debt_7d,0.0,65
sleep_efficiency,0.0,65
weekend_streak,0.0,65
is_weekend,0.0,65
is_exam_period,0.0,65
seasonal_stress,0.0,65
sleep_hours,0.0,66
screen_time_minutes,0.0,66
academic_load_score,0.0,66
mood_score,0.0,66
sleep_3d_avg,0.0,66
screen_3d_avg,0.0,66
academic_3d_avg,0.0,66
sleep_7d_avg,0.0,66
screen_7d_avg,0.0,66
sleep_14d_avg,0.0,66
sleep_7d_std,0.027636105406925033,66
screen_7d_std,0.0,66
sleep_lag1,0.0,66
screen_lag1,0.0,66
mood_lag1,0.0,66
sleep_lag2,0.0,66
screen_lag2,0.0,66
sleep_change,0.0,66
screen_change,0.0,66
sleep_change_2d,0.0,66
screen_per_sleep,0.0,66
academic_per_sleep,0.20955282455978036,66
sleep_x_academic,0.0,66
screen_x_academic,0.7384359193203911,66
sleep_debt_7d,0.0,66
sleep_efficiency,0.024375150712903394,66
weekend_streak,0.0,66
is_weekend,0.0,66
is_exam_period,0.0,66
seasonal_stress,0.0,66
sleep_hours,0.0,67
screen_time_minutes,0.0,67
academic_load_score,0.0,67
mood_score,0.0,67
sleep_3d_avg,0.0,67
screen_3d_avg,0.0,67
academic_3d_avg,0.0,67
sleep_7d_avg,0.0,67
screen_7d_avg,0.0,67
sleep_14d_avg,0.0,67
sleep_7d_std,0.0,67
screen_7d_std,0.10145440325304635,67
sleep_lag1,0.0,67
screen_lag1,0.03539935710793564,67
mood_lag1,0.0,67
sleep_lag2,0.0,67
screen_lag2,0.0,67
sleep_change,0.0,67
screen_change,0.0,67
sleep_change_2d,0.0,67
screen_per_sleep,0.1346943208519155,67
academic_per_sleep,0.7284519187871024,67
sleep_x_academic,0.0,67
screen_x_academic,0.0,67
sleep_debt_7d,0.0,67
sleep_efficiency,0.0,67
weekend_streak,0.0,67
is_weekend,0.0,67
is_exam_period,0.0,67
seasonal_stress,0.0,67
sleep_hours,0.0,68
screen_time_minutes,0.0,68
academic_load_score,0.0,68
mood_score,0.0,68
sleep_3d_avg,0.0,68
screen_3d_avg,1.0368356439102262e-14,68
academic_3d_avg,0.0,68
sleep_7d_avg,0.0,68
screen_7d_avg,0.0,68
sleep_14d_avg,0.0,68
sleep_7d_std,0.029965882295841628,68
screen_7d_std,0.0,68
sleep_lag1,0.0,68
screen_lag1,0.0,68
mood_lag1,0.0,68
sleep_lag2,0.0,68
screen_lag2,0.0,68
sleep_change,0.0,68
screen_change,0.05194724198649762,68
sleep_change_2d,0.033127204218840724,68
screen_per_sleep,0.0,68
academic_per_sleep,0.20207038480466666,68
sleep_x_academic,0.0,68
screen_x_academic,0.6322428472325538,68
sleep_debt_7d,0.0,68
sleep_efficiency,0.05064643946158934,68
weekend_streak,0.0,68
is_weekend,0.0,68
is_exam_period,0.0,68
seasonal_stress,0.0,68
sleep_hours,0.0,69
screen_time_minutes,0.0,69
academic_load_score,0.04366124903272415,69
mood_score,0.0,69
sleep_3d_avg,0.0,69
screen_3d_avg,0.0,69
academic_3d_avg,0.009413491477135029,69
sleep_7d_avg,0.0,69
screen_7d_avg,0.0,69
sleep_14d_avg,0.0,69
sleep_7d_std,0.0,69
screen_7d_std,0.0,69
sleep_lag1,0.0,69
screen_lag1,0.0,69
mood_lag1,0.0,69
sleep_lag2,0.0,69
screen_lag2,0.0,69
sleep_change,0.0,69
screen_change,0.0,69
sleep_change_2d,0.10713004241795226,69
screen_per_sleep,0.0,69
academic_per_sleep,0.0,69
sleep_x_academic,0.0,69
screen_x_academic,0.0,69
sleep_debt_7d,0.0,69
sleep_efficiency,0.24209504859995612,69
weekend_streak,0.0,69
is_weekend,0.0,69
is_exam_period,0.5977001684722324,69
seasonal_stress,0.0,69
sleep_hours,0.0,70
screen_time_minutes,0.0,70
academic_load_score,0.0,70
mood_score,0.0,70
sleep_3d_avg,0.0,70
screen_3d_avg,0.0,70
academic_3d_avg,0.0,70
sleep_7d_avg,0.0,70
screen_7d_avg,0.0,70
sleep_14d_avg,0.0,70
sleep_7d_std,0.0,70
screen_7d_std,0.0,70
sleep_lag1,0.08928143157507609,70
screen_lag1,0.0,70
mood_lag1,0.0,70
sleep_lag2,0.0,70
screen_lag2,0.0,70
sleep_change,0.0,70
screen_change,0.0,70
sleep_change_2d,0.0,70
screen_per_sleep,0.0,70
academic_per_sleep,0.8112710671229127,70
sleep_x_academic,0.0,70
screen_x_academic,0.0994475013020112,70
sleep_debt_7d,0.0,70
sleep_efficiency,0.0,70
weekend_streak,0.0,70
is_weekend,0.0,70
is_exam_period,0.0,70
seasonal_stress,0.0,70
sleep_hours,0.0,71
screen_time_minutes,0.0,71
academic_load_score,0.0,71
mood_score,0.013992242796419753,71
sleep_3d_avg,0.0,71
screen_3d_avg,0.0,71
academic_3d_avg,0.0,71
sleep_7d_avg,0.0,71
screen_7d_avg,0.0,71
sleep_14d_avg,0.0,71
sleep_7d_std,0.0,71
screen_7d_std,4.8861228677907137e-17,71
sleep_lag1,0.0,71
screen_lag1,0.0,71
mood_lag1,0.0,71
sleep_lag2,0.04755641551765019,71
screen_lag2,0.0,71
sleep_change,0.0,71
screen_change,0.04926323312083104,71
sleep_change_2d,0.02859732950930276,71
screen_per_sleep,0.13714568646312308,71
academic_per_sleep,0.5435151546996909,71
sleep_x_academic,0.0,71
screen_x_academic,0.0821831870683936,71
sleep_debt_7d,0.07427451179716091,71
sleep_efficiency,0.0,71
weekend_streak,0.0,71
is_weekend,0.0,71
is_exam_period,0.0,71
seasonal_stress,0.02347223902742765,71
sleep_hours,0.0,72
screen_time_minutes,0.0,72
academic_load_score,0.0,72
mood_score,0.0,72
sleep_3d_avg,0.0,72
screen_3d_avg,0.0,72
academic_3d_avg,0.0,72
sleep_7d_avg,0.0,72
screen_7d_avg,0.0,72
sleep_14d_avg,0.0,72
sleep_7d_std,0.0,72
screen_7d_std,0.0,72
sleep_lag1,0.0,72
screen_lag1,0.0,72
mood_lag1,0.0,72
sleep_lag2,0.013115162945666172,72
screen_lag2,0.0,72
sleep_change,0.0,72
screen_change,0.0,72
sleep_change_2d,3.7346654854490633e-16,72
screen_per_sleep,0.0,72
academic_per_sleep,0.05360264489684889,72
sleep_x_academic,0.0,72
screen_x_academic,0.19722671320760227,72
sleep_debt_7d,0.0,72
sleep_efficiency,0.5453484106591296,72
weekend_streak,0.0,72
is_weekend,0.0,72
is_exam_period,0.19070706829075257,72
seasonal_stress,0.0,72
sleep_hours,0.0,73
screen_time_minutes,0.0,73
academic_load_score,0.0,73
mood_score,0.0,73
sleep_3d_avg,0.0,73
screen_3d_avg,0.022586809257594816,73
academic_3d_avg,0.0,73
sleep_7d_avg,0.0,73
screen_7d_avg,0.0,73
sleep_14d_avg,0.0,73
sleep_7d_std,0.0,73
screen_7d_std,0.0,73
sleep_lag1,0.0,73
screen_lag1,0.0,73
mood_lag1,0.0,73
sleep_lag2,0.0,73
screen_lag2,0.0,73
sleep_change,0.0,73
screen_change,0.0,73
sleep_change_2d,0.0,73
screen_per_sleep,0.0,73
academic_per_sleep,0.8891070480642352,73
sleep_x_academic,0.0,73
screen_x_academic,0.08830614267816984,73
sleep_debt_7d,0.0,73
sleep_efficiency,0.0,73
weekend_streak,0.0,73
is_weekend,0.0,73
is_exam_period,0.0,73
seasonal_stress,0.0,73
sleep_hours,0.0,74
screen_time_minutes,0.18615638934563922,74
academic_load_score,0.0,74
mood_score,0.0,74
sleep_3d_avg,0.028641553930749925,74
screen_3d_avg,0.0,74
academic_3d_avg,0.0,74
sleep_7d_avg,0.0,74
screen_7d_avg,0.0,74
sleep_14d_avg,0.0,74
sleep_7d_std,0.0,74
screen_7d_std,0.0,74
sleep_lag1,0.014271099512103615,74
screen_lag1,0.0,74
mood_lag1,0.0,74
sleep_lag2,0.0,74
screen_lag2,0.0,74
sleep_change,0.0,74
screen_change,0.0,74
sleep_change_2d,0.04578984201883872,74
screen_per_sleep,0.0,74
academic_per_sleep,0.4693201492732553,74
sleep_x_academic,0.0,74
screen_x_academic,0.13846153874453257,74
sleep_debt_7d,0.0,74
sleep_efficiency,0.11735942717488053,74
weekend_streak,0.0,74
is_weekend,0.0,74
is_exam_period,0.0,74
seasonal_stress,0.0,74
sleep_hours,0.0,75
screen_time_minutes,0.0,75
academic_load_score,0.008521633244393121,75
mood_score,0.0,75
sleep_3d_avg,0.0,75
screen_3d_avg,0.0,75
academic_3d_avg,0.03044499524521463,75
sleep_7d_avg,0.0,75
screen_7d_avg,0.0,75
sleep_14d_avg,0.0,75
sleep_7d_std,0.0,75
screen_7d_std,0.0,75
sleep_lag1,0.0,75
screen_lag1,0.03227522372138248,75
mood_lag1,0.0,75
sleep_lag2,0.0,75
screen_lag2,0.0,75
sleep_change,0.0,75
screen_change,0.0,75
sleep_change_2d,0.0,75
screen_per_sleep,0.0,75
academic_per_sleep,0.6456232397917924,75
sleep_x_academic,0.0,75
screen_x_academic,0.28313490799721747,75
sleep_debt_7d,0.0,75
sleep_efficiency,0.0,75
weekend_streak,0.0,75
is_weekend,0.0,75
is_exam_period,0.0,75
seasonal_stress,0.0,75
sleep_hours,0.0,76
screen_time_minutes,0.07704096868701749,76
academic_load_score,0.0,76
mood_score,0.0,76
sleep_3d_avg,0.0,76
screen_3d_avg,0.0,76
academic_3d_avg,0.07179920650975402,76
sleep_7d_avg,0.0,76
screen_7d_avg,0.036130038428093106,76
sleep_14d_avg,0.0,76
sleep_7d_std,0.0,76
screen_7d_std,0.027608140446630663,76
sleep_lag1,0.046430268824480404,76
screen_lag1,0.0,76
mood_lag1,0.0,76
sleep_lag2,0.0,76
screen_lag2,0.0,76
sleep_change,0.0,76
screen_change,0.0,76
sleep_change_2d,0.0,76
screen_per_sleep,0.09216541117802719,76
academic_per_sleep,0.10948376373524966,76
sleep_x_academic,0.0,76
screen_x_academic,0.4971520551602021,76
sleep_debt_7d,0.0,76
sleep_efficiency,0.0421901470305453,76
weekend_streak,0.0,76
is_weekend,0.0,76
is_exam_period,0.0,76
seasonal_stress,0.0,76
sleep_hours,0.0,77
screen_time_minutes,1.257701670041869e-16,77
academic_load_score,0.0,77
mood_score,0.0,77
sleep_3d_avg,0.0,77
screen_3d_avg,0.0,77
academic_3d_avg,0.0,77
sleep_7d_avg,0.0,77
screen_7d_avg,0.06535426003470161,77
sleep_14d_avg,0.0,77
sleep_7d_std,0.0,77
screen_7d_std,0.12303398221884944,77
sleep_lag1,0.010953948848908686,77
screen_lag1,0.06417729566341995,77
mood_lag1,0.0,77
sleep_lag2,0.0,77
screen_lag2,0.0,77
sleep_change,0.0,77
screen_change,0.0,77
sleep_change_2d,0.0,77
screen_per_sleep,0.49358563459845645,77
academic_per_sleep,0.0,77
sleep_x_academic,0.0,77
screen_x_academic,0.2428948786356637,77
sleep_debt_7d,0.0,77
sleep_efficiency,0.0,77
weekend_streak,0.0,77
is_weekend,0.0,77
is_exam_period,0.0,77
seasonal_stress,0.0,77
sleep_hours,0.0,78
screen_time_minutes,0.0,78
academic_load_score,0.0,78
mood_score,0.0,78
sleep_3d_avg,0.0,78
screen_3d_avg,0.0,78
academic_3d_avg,0.0,78
sleep_7d_avg,0.0,78
screen_7d_avg,0.0,78
sleep_14d_avg,0.0,78
sleep_7d_std,0.0,78
screen_7d_std,0.0,78
sleep_lag1,4.97738774099156e-16,78
screen_lag1,0.0,78
mood_lag1,0.0,78
sleep_lag2,0.0,78
screen_lag2,0.0,78
sleep_change,0.0,78
screen_change,0.0,78
sleep_change_2d,0.0,78
screen_per_sleep,0.030812258073388495,78
academic_per_sleep,0.0,78
sleep_x_academic,0.0,78
screen_x_academic,0.7493867014029933,78
sleep_debt_7d,0.0,78
sleep_efficiency,0.0995873900640528,78
weekend_streak,0.0,78
is_weekend,0.0,78
is_exam_period,0.1202136504595649,78
seasonal_stress,0.0,78
sleep_hours,0.059647637630623376,79
screen_time_minutes,0.02032193882703624,79
academic_load_score,0.02251750884626801,79
mood_score,0.0,79
sleep_3d_avg,0.0,79
screen_3d_avg,0.0,79
academic_3d_avg,0.0,79
sleep_7d_avg,0.0,79
screen_7d_avg,0.036984075369648664,79
sleep_14d_avg,0.0,79
sleep_7d_std,0.0,79
screen_7d_std,0.0,79
sleep_lag1,0.0,79
screen_lag1,0.0,79
mood_lag1,0.0,79
sleep_lag2,0.0,79
screen_lag2,0.0,79
sleep_change,0.0,79
screen_change,0.035523694659257456,79
sleep_change_2d,0.02514992463134955,79
screen_per_sleep,0.025319790191989835,79
academic_per_sleep,0.5689287598369682,79
sleep_x_academic,0.024676496394043165,79
screen_x_academic,0.1354240460835925,79
sleep_debt_7d,0.0,79
sleep_efficiency,0.0,79
weekend_streak,0.0,79
is_weekend,0.0,79
is_exam_period,0.0,79
seasonal_stress,0.04550612752922305,79
sleep_hours,0.14182761656970289,80
screen_time_minutes,0.08847729522828962,80
academic_load_score,0.0,80
mood_score,0.0,80
sleep_3d_avg,0.0,80
screen_3d_avg,0.020856066454543614,80
academic_3d_avg,0.0,80
sleep_7d_avg,0.0,80
screen_7d_avg,0.0,80
sleep_14d_avg,0.0,80
sleep_7d_std,0.0,80
screen_7d_std,0.0,80
sleep_lag1,0.0,80
screen_lag1,0.0,80
mood_lag1,0.0,80
sleep_lag2,0.0,80
screen_lag2,0.0,80
sleep_change,0.0,80
screen_change,0.0,80
sleep_change_2d,0.0,80
screen_per_sleep,0.0,80
academic_per_sleep,0.0,80
sleep_x_academic,0.0,80
screen_x_academic,0.7488390217474639,80
sleep_debt_7d,0.0,80
sleep_efficiency,0.0,80
weekend_streak,0.0,80
is_weekend,0.0,80
is_exam_period,0.0,80
seasonal_stress,0.0,80
sleep_hours,0.0735113422811037,81
screen_time_minutes,0.0,81
academic_load_score,0.0,81
mood_score,0.0,81
sleep_3d_avg,0.0,81
screen_3d_avg,0.0,81
academic_3d_avg,0.0,81
sleep_7d_avg,0.0,81
screen_7d_avg,0.0,81
sleep_14d_avg,0.0,81
sleep_7d_std,0.0,81
screen_7d_std,0.0,81
sleep_lag1,0.0,81
screen_lag1,0.0,81
mood_lag1,0.0,81
sleep_lag2,0.0,81
screen_lag2,0.0,81
sleep_change,0.0,81
screen_change,0.0,81
sleep_change_2d,0.0,81
screen_per_sleep,0.0,81
academic_per_sleep,0.0,81
sleep_x_academic,0.0,81
screen_x_academic,0.8303983487695521,81
sleep_debt_7d,0.0,81
sleep_efficiency,0.0,81
weekend_streak,0.0,81
is_weekend,0.0,81
is_exam_period,0.09609030894934421,81
seasonal_stress,0.0,81
sleep_hours,0.0,82
screen_time_minutes,0.0,82
academic_load_score,0.0,82
mood_score,0.0,82
sleep_3d_avg,0.0,82
screen_3d_avg,0.0,82
academic_3d_avg,0.0,82
sleep_7d_avg,0.0,82
screen_7d_avg,0.0,82
sleep_14d_avg,0.0,82
sleep_7d_std,0.0,82
screen_7d_std,0.0,82
sleep_lag1,0.0,82
screen_lag1,0.0,82
mood_lag1,0.0,82
sleep_lag2,0.0,82
screen_lag2,0.0,82
sleep_change,0.0,82
screen_change,0.0,82
sleep_change_2d,0.0,82
screen_per_sleep,1.0,82
academic_per_sleep,0.0,82
sleep_x_academic,0.0,82
screen_x_academic,0.0,82
sleep_debt_7d,0.0,82
sleep_efficiency,0.0,82
weekend_streak,0.0,82
is_weekend,0.0,82
is_exam_period,0.0,82
seasonal_stress,0.0,82
sleep_hours,0.03833910435493207,83
screen_time_minutes,0.0,83
academic_load_score,0.0,83
mood_score,0.0,83
sleep_3d_avg,0.0,83
screen_3d_avg,0.0,83
academic_3d_avg,0.10342380926733576,83
sleep_7d_avg,0.0,83
screen_7d_avg,0.0,83
sleep_14d_avg,0.0,83
sleep_7d_std,0.0,83
screen_7d_std,0.05495627017748845,83
sleep_lag1,0.0,83
screen_lag1,0.0,83
mood_lag1,0.0,83
sleep_lag2,0.0,83
screen_lag2,0.0,83
sleep_change,0.0,83
screen_change,0.0,83
sleep_change_2d,0.0,83
screen_per_sleep,0.0,83
academic_per_sleep,0.05340529528980593,83
sleep_x_academic,0.0,83
screen_x_academic,0.6269265060625467,83
sleep_debt_7d,0.0,83
sleep_efficiency,0.12294901484789106,83
weekend_streak,0.0,83
is_weekend,0.0,83
is_exam_period,0.0,83
seasonal_stress,0.0,83
sleep_hours,0.0,84
screen_time_minutes,0.018546341126291537,84
academic_load_score,0.0,84
mood_score,0.0,84
sleep_3d_avg,0.0,84
screen_3d_avg,0.08581262357674975,84
academic_3d_avg,0.0,84
sleep_7d_avg,0.0,84
screen_7d_avg,0.045582287920607686,84
sleep_14d_avg,0.037860987666420036,84
sleep_7d_std,0.0,84
screen_7d_std,0.0,84
sleep_lag1,0.0,84
screen_lag1,0.0,84
mood_lag1,0.0,84
sleep_lag2,0.0,84
screen_lag2,0.0,84
sleep_change,0.0,84
screen_change,0.0,84
sleep_change_2d,0.0,84
screen_per_sleep,0.07371283404491183,84
academic_per_sleep,0.20252575852467505,84
sleep_x_academic,0.0,84
screen_x_academic,0.5359591671403441,84
sleep_debt_7d,0.0,84
sleep_efficiency,0.0,84
weekend_streak,0.0,84
is_weekend,0.0,84
is_exam_period,0.0,84
seasonal_stress,0.0,84
sleep_hours,0.15134854082034746,85
screen_time_minutes,0.03786840767024526,85
academic_load_score,0.0,85
mood_score,0.0,85
sleep_3d_avg,0.0,85
screen_3d_avg,0.0,85
academic_3d_avg,0.013289701283482183,85
sleep_7d_avg,0.011519122956354842,85
screen_7d_avg,0.0,85
sleep_14d_avg,0.0,85
sleep_7d_std,0.02173079852977941,85
screen_7d_std,0.0586081789835464,85
sleep_lag1,0.0,85
screen_lag1,0.06545350711226704,85
mood_lag1,0.0,85
sleep_lag2,0.0,85
screen_lag2,0.0,85
sleep_change,0.0,85
screen_change,0.0,85
sleep_change_2d,0.0,85
screen_per_sleep,0.01677848443428279,85
academic_per_sleep,0.06747166066813556,85
sleep_x_academic,0.0,85
screen_x_academic,0.0,85
sleep_debt_7d,0.0,85
sleep_efficiency,0.0,85
weekend_streak,0.0,85
is_weekend,0.0,85
is_exam_period,0.555931597541559,85
seasonal_stress,0.0,85
sleep_hours,0.22974911631578443,86
screen_time_minutes,0.5700268220039372,86
academic_load_score,0.0,86
mood_score,0.0,86
sleep_3d_avg,0.0,86
screen_3d_avg,0.0,86
academic_3d_avg,0.0,86
sleep_7d_avg,0.0,86
screen_7d_avg,0.0,86
sleep_14d_avg,0.0,86
sleep_7d_std,0.0,86
screen_7d_std,0.0,86
sleep_lag1,0.0,86
screen_lag1,0.0,86
mood_lag1,0.0,86
sleep_lag2,0.0,86
screen_lag2,0.0,86
sleep_change,0.0,86
screen_change,0.0,86
sleep_change_2d,0.0,86
screen_per_sleep,0.0,86
academic_per_sleep,0.0,86
sleep_x_academic,0.0,86
screen_x_academic,0.0,86
sleep_debt_7d,0.0,86
sleep_efficiency,0.2002240616802784,86
weekend_streak,0.0,86
is_weekend,0.0,86
is_exam_period,0.0,86
seasonal_stress,0.0,86
sleep_hours,0.0,87
screen_time_minutes,0.0,87
academic_load_score,0.0,87
mood_score,0.0,87
sleep_3d_avg,0.0,87
screen_3d_avg,0.0,87
academic_3d_avg,0.0,87
sleep_7d_avg,0.0,87
screen_7d_avg,0.0,87
sleep_14d_avg,0.0,87
sleep_7d_std,0.0,87
screen_7d_std,0.0,87
sleep_lag1,0.0,87
screen_lag1,0.0,87
mood_lag1,0.0,87
sleep_lag2,0.0,87
screen_lag2,0.0,87
sleep_change,0.0,87
screen_change,0.0,87
sleep_change_2d,0.0,87
screen_per_sleep,0.0,87
academic_per_sleep,0.24077313480577955,87
sleep_x_academic,0.0,87
screen_x_academic,0.694176872184745,87
sleep_debt_7d,0.0650499930094754,87
sleep_efficiency,0.0,87
weekend_streak,0.0,87
is_weekend,0.0,87
is_exam_period,0.0,87
seasonal_stress,0.0,87
sleep_hours,0.03806434370421526,88
screen_time_minutes,0.0,88
academic_load_score,0.02706117467082187,88
mood_score,0.0,88
sleep_3d_avg,0.0,88
screen_3d_avg,0.0,88
academic_3d_avg,0.0,88
sleep_7d_avg,0.04350695425969665,88
screen_7d_avg,0.0,88
sleep_14d_avg,0.0,88
sleep_7d_std,0.0,88
screen_7d_std,0.0,88
sleep_lag1,2.591963130005034e-16,88
screen_lag1,0.0,88
mood_lag1,0.0,88
sleep_lag2,0.0,88
screen_lag2,0.0,88
sleep_change,0.0,88
screen_change,0.0,88
sleep_change_2d,0.0,88
screen_per_sleep,0.04496591833527903,88
academic_per_sleep,0.11923360608094628,88
sleep_x_academic,0.0,88
screen_x_academic,0.0,88
sleep_debt_7d,0.0,88
sleep_efficiency,0.7271680029490406,88
weekend_streak,0.0,88
is_weekend,0.0,88
is_exam_period,0.0,88
seasonal_stress,0.0,88
sleep_hours,0.0,89
screen_time_minutes,0.0970544057178171,89
academic_load_score,0.0,89
mood_score,0.03477609995113759,89
sleep_3d_avg,0.0,89
screen_3d_avg,0.0,89
academic_3d_avg,0.0030841429440696495,89
sleep_7d_avg,0.0,89
screen_7d_avg,0.0,89
sleep_14d_avg,0.03813594020012473,89
sleep_7d_std,0.0,89
screen_7d_std,0.0,89
sleep_lag1,0.0,89
screen_lag1,0.0,89
mood_lag1,0.0,89
sleep_lag2,0.0,89
screen_lag2,0.0,89
sleep_change,0.0,89
screen_change,0.0,89
sleep_change_2d,0.0,89
screen_per_sleep,0.10006786081227259,89
academic_per_sleep,0.7268815503745784,89
sleep_x_academic,0.0,89
screen_x_academic,0.0,89
sleep_debt_7d,0.0,89
sleep_efficiency,0.0,89
weekend_streak,0.0,89
is_weekend,0.0,89
is_exam_period,0.0,89
seasonal_stress,0.0,89
sleep_hours,0.0,90
screen_time_minutes,0.15526643317231573,90
academic_load_score,1.767723429676297e-16,90
mood_score,0.0,90
sleep_3d_avg,0.0,90
screen_3d_avg,0.0,90
academic_3d_avg,0.0,90
sleep_7d_avg,0.0,90
screen_7d_avg,0.04219304867060022,90
sleep_14d_avg,0.0,90
sleep_7d_std,0.0,90
screen_7d_std,4.823346429183294e-17,90
sleep_lag1,0.061899756734508725,90
screen_lag1,0.03043304141904767,90
mood_lag1,0.0,90
sleep_lag2,0.0,90
screen_lag2,0.0,90
sleep_change,0.0,90
screen_change,0.0,90
sleep_change_2d,0.0,90
screen_per_sleep,0.0,90
academic_per_sleep,0.5369766181023509,90
sleep_x_academic,0.0,90
screen_x_academic,0.11605665836120709,90
sleep_debt_7d,0.0,90
sleep_efficiency,0.0,90
weekend_streak,0.0,90
is_weekend,0.0,90
is_exam_period,0.05717444353996953,90
seasonal_stress,0.0,90
sleep_hours,0.0,91
screen_time_minutes,0.0,91
academic_load_score,0.0,91
mood_score,0.0,91
sleep_3d_avg,0.0,91
screen_3d_avg,0.0,91
academic_3d_avg,0.0,91
sleep_7d_avg,0.0,91
screen_7d_avg,0.0,91
sleep_14d_avg,0.02821873358035084,91
sleep_7d_std,0.0,91
screen_7d_std,0.0,91
sleep_lag1,0.0,91
screen_lag1,0.0,91
mood_lag1,0.0,91
sleep_lag2,0.0,91
screen_lag2,0.04530696806298591,91
sleep_change,0.0,91
screen_change,0.0,91
sleep_change_2d,0.0,91
screen_per_sleep,0.0,91
academic_per_sleep,0.031485215966670546,91
sleep_x_academic,0.0,91
screen_x_academic,0.6329728462268163,91
sleep_debt_7d,0.0,91
sleep_efficiency,0.09175637945211267,91
weekend_streak,0.016077355037831767,91
is_weekend,0.0,91
is_exam_period,0.15418250167323205,91
seasonal_stress,0.0,91
sleep_hours,0.0,92
screen_time_minutes,0.0,92
academic_load_score,0.0,92
mood_score,0.0,92
sleep_3d_avg,0.0,92
screen_3d_avg,0.0,92
academic_3d_avg,0.0,92
sleep_7d_avg,0.0,92
screen_7d_avg,0.0,92
sleep_14d_avg,0.0,92
sleep_7d_std,0.0,92
screen_7d_std,0.0,92
sleep_lag1,0.0,92
screen_lag1,0.0,92
mood_lag1,0.0,92
sleep_lag2,0.0,92
screen_lag2,0.0,92
sleep_change,0.0,92
screen_change,0.0,92
sleep_change_2d,0.0,92
screen_per_sleep,0.0,92
academic_per_sleep,0.8687859478210627,92
sleep_x_academic,0.0,92
screen_x_academic,0.1312140521789373,92
sleep_debt_7d,0.0,92
sleep_efficiency,0.0,92
weekend_streak,0.0,92
is_weekend,0.0,92
is_exam_period,0.0,92
seasonal_stress,0.0,92
sleep_hours,0.0,93
screen_time_minutes,0.0,93
academic_load_score,0.0,93
mood_score,0.0,93
sleep_3d_avg,0.0,93
screen_3d_avg,0.0,93
academic_3d_avg,0.0,93
sleep_7d_avg,0.0,93
screen_7d_avg,0.0,93
sleep_14d_avg,0.0,93
sleep_7d_std,0.0,93
screen_7d_std,0.0,93
sleep_lag1,0.0,93
screen_lag1,0.06431977528940457,93
mood_lag1,0.0,93
sleep_lag2,0.0,93
screen_lag2,0.0,93
sleep_change,0.0,93
screen_change,0.0,93
sleep_change_2d,0.0,93
screen_per_sleep,0.11585775498913516,93
academic_per_sleep,0.6563303336532308,93
sleep_x_academic,0.0625705825366629,93
screen_x_academic,0.10092155353156664,93
sleep_debt_7d,0.0,93
sleep_efficiency,0.0,93
weekend_streak,0.0,93
is_weekend,0.0,93
is_exam_period,0.0,93
seasonal_stress,0.0,93
sleep_hours,0.14556229575093874,94
screen_time_minutes,0.4607786714138639,94
academic_load_score,0.0,94
mood_score,0.0,94
sleep_3d_avg,0.0,94
screen_3d_avg,0.08377646440703725,94
academic_3d_avg,0.11608881332895908,94
sleep_7d_avg,0.0,94
screen_7d_avg,0.0,94
sleep_14d_avg,0.0,94
sleep_7d_std,0.0,94
screen_7d_std,0.0,94
sleep_lag1,0.0,94
screen_lag1,0.0320733971622132,94
mood_lag1,0.0,94
sleep_lag2,0.043207593444808554,94
screen_lag2,0.043099274002449055,94
sleep_change,0.0,94
screen_change,0.0,94
sleep_change_2d,0.0,94
screen_per_sleep,2.925277333214749e-17,94
academic_per_sleep,0.027339900487080692,94
sleep_x_academic,0.0,94
screen_x_academic,0.0,94
sleep_debt_7d,0.0,94
sleep_efficiency,0.048073590002649505,94
weekend_streak,0.0,94
is_weekend,0.0,94
is_exam_period,0.0,94
seasonal_stress,0.0,94
sleep_hours,0.0,95
screen_time_minutes,0.0,95
academic_load_score,0.0,95
mood_score,0.0,95
sleep_3d_avg,0.0,95
screen_3d_avg,0.0,95
academic_3d_avg,0.0,95
sleep_7d_avg,0.0,95
screen_7d_avg,0.0,95
sleep_14d_avg,0.0,95
sleep_7d_std,0.0,95
screen_7d_std,0.0,95
sleep_lag1,0.0,95
screen_lag1,0.0,95
mood_lag1,0.0,95
sleep_lag2,0.0,95
screen_lag2,0.0,95
sleep_change,0.0,95
screen_change,0.0,95
sleep_change_2d,0.0,95
screen_per_sleep,0.0,95
academic_per_sleep,0.7561618346359835,95
sleep_x_academic,0.0,95
screen_x_academic,0.08360725226106507,95
sleep_debt_7d,0.0,95
sleep_efficiency,0.0,95
weekend_streak,0.0,95
is_weekend,0.0,95
is_exam_period,0.16023091310295134,95
seasonal_stress,0.0,95
sleep_hours,0.04108773460835083,96
screen_time_minutes,0.021965990797009016,96
academic_load_score,0.0,96
mood_score,0.0,96
sleep_3d_avg,0.0,96
screen_3d_avg,0.0,96
academic_3d_avg,0.03934152072836262,96
sleep_7d_avg,0.0,96
screen_7d_avg,0.0,96
sleep_14d_avg,0.0,96
sleep_7d_std,0.0,96
screen_7d_std,0.0,96
sleep_lag1,0.0,96
screen_lag1,0.0,96
mood_lag1,0.0,96
sleep_lag2,0.0,96
screen_lag2,0.029101018713606423,96
sleep_change,0.0,96
screen_change,0.0,96
sleep_change_2d,0.0,96
screen_per_sleep,0.0,96
academic_per_sleep,0.6654393685217177,96
sleep_x_academic,0.0,96
screen_x_academic,0.12769170392062754,96
sleep_debt_7d,0.0,96
sleep_efficiency,0.0,96
weekend_streak,0.0,96
is_weekend,0.0,96
is_exam_period,0.07537266271032586,96
seasonal_stress,0.0,96
sleep_hours,0.0,97
screen_time_minutes,0.04172110699264981,97
academic_load_score,0.0,97
mood_score,0.0,97
sleep_3d_avg,0.0,97
screen_3d_avg,0.0,97
academic_3d_avg,0.012575625800602508,97
sleep_7d_avg,0.0,97
screen_7d_avg,0.0,97
sleep_14d_avg,0.0,97
sleep_7d_std,0.0,97
screen_7d_std,0.0,97
sleep_lag1,0.0,97
screen_lag1,0.0,97
mood_lag1,0.0,97
sleep_lag2,0.0,97
screen_lag2,0.0,97
sleep_change,0.0,97
screen_change,0.0,97
sleep_change_2d,0.0,97
screen_per_sleep,0.0,97
academic_per_sleep,0.08721976498365207,97
sleep_x_academic,0.0,97
screen_x_academic,0.8584835022230957,97
sleep_debt_7d,0.0,97
sleep_efficiency,0.0,97
weekend_streak,0.0,97
is_weekend,0.0,97
is_exam_period,0.0,97
seasonal_stress,0.0,97
sleep_hours,0.0,98
screen_time_minutes,0.0,98
academic_load_score,0.0,98
mood_score,0.0,98
sleep_3d_avg,0.0,98
screen_3d_avg,0.0,98
academic_3d_avg,0.0,98
sleep_7d_avg,0.0,98
screen_7d_avg,0.0,98
sleep_14d_avg,0.0,98
sleep_7d_std,0.0,98
screen_7d_std,0.0,98
sleep_lag1,0.0,98
screen_lag1,0.0,98
mood_lag1,0.0,98
sleep_lag2,0.0,98
screen_lag2,0.021554470233357714,98
sleep_change,0.0,98
screen_change,0.0,98
sleep_change_2d,0.0,98
screen_per_sleep,0.13923979991879673,98
academic_per_sleep,0.0,98
sleep_x_academic,0.0,98
screen_x_academic,0.16957585016783625,98
sleep_debt_7d,0.0,98
sleep_efficiency,0.6696298796800093,98
weekend_streak,0.0,98
is_weekend,0.0,98
is_exam_period,0.0,98
seasonal_stress,0.0,98
sleep_hours,0.0,99
screen_time_minutes,0.01893436769666189,99
academic_load_score,0.0362107827237332,99
mood_score,0.0,99
sleep_3d_avg,0.0,99
screen_3d_avg,0.0,99
academic_3d_avg,0.034462055602838236,99
sleep_7d_avg,0.0,99
screen_7d_avg,0.0,99
sleep_14d_avg,0.0,99
sleep_7d_std,0.0,99
screen_7d_std,0.0,99
sleep_lag1,0.0,99
screen_lag1,0.0,99
mood_lag1,0.0,99
sleep_lag2,0.0,99
screen_lag2,0.0,99
sleep_change,0.0,99
screen_change,0.029725575876443224,99
sleep_change_2d,0.0,99
screen_per_sleep,0.0,99
academic_per_sleep,0.0,99
sleep_x_academic,0.0,99
screen_x_academic,0.27153159269205096,99
sleep_debt_7d,0.0,99
sleep_efficiency,0.6091356254082725,99
weekend_streak,0.0,99
is_weekend,0.0,99
is_exam_period,0.0,99
seasonal_stress,0.0,99
sleep_hours,0.0,100
screen_time_minutes,0.11892454229714772,100
academic_load_score,0.0,100
mood_score,0.0,100
sleep_3d_avg,0.0,100
screen_3d_avg,0.0,100
academic_3d_avg,0.0,100
sleep_7d_avg,0.0,100
screen_7d_avg,0.0,100
sleep_14d_avg,0.0797101825662094,100
sleep_7d_std,0.0,100
screen_7d_std,0.0,100
sleep_lag1,0.0,100
screen_lag1,0.0,100
mood_lag1,0.0,100
sleep_lag2,0.0,100
screen_lag2,0.0,100
sleep_change,0.029822183976780787,100
screen_change,0.0,100
sleep_change_2d,0.0,100
screen_per_sleep,0.0,100
academic_per_sleep,0.6453745041443228,100
sleep_x_academic,0.0,100
screen_x_academic,0.05426665644862394,100
sleep_debt_7d,0.0,100
sleep_efficiency,0.07190193056691532,100
weekend_streak,0.0,100
is_weekend,0.0,100
is_exam_period,0.0,100
seasonal_stress,0.0,100
