user_id,model,n_train,n_test,accuracy,precision,recall,f1_score,brier_score,rmse,auc
1,DecisionTree,255,55,0.8727272727272727,0.75,0.9473684210526315,0.8372093023255814,0.1022755323189889,0.3198054601144091,0.9137426900584794
1,RandomForest+Platt,255,55,0.8545454545454545,0.8666666666666667,0.6842105263157895,0.7647058823529411,0.09935982027378426,0.3152139277915623,0.9342105263157895
1,RF+OptimalThreshold,255,55,0.8545454545454545,0.8235294117647058,0.7368421052631579,0.7777777777777778,0.09935982027378426,0.3152139277915623,0.9342105263157895
1,LogisticRegression,255,55,0.8727272727272727,0.75,0.9473684210526315,0.8372093023255814,0.10354500669091964,0.3217840994998349,0.9649122807017544
2,DecisionTree,255,55,0.8545454545454545,0.84,0.84,0.84,0.10682483519259686,0.32684068778626213,0.908
2,RandomForest+Platt,255,55,0.8909090909090909,0.9523809523809523,0.8,0.8695652173913043,0.06459194537268334,0.2541494547951723,0.9853333333333334
2,RF+OptimalThreshold,255,55,0.9272727272727272,0.92,0.92,0.92,0.06459194537268334,0.2541494547951723,0.9853333333333334
2,LogisticRegression,255,55,0.8727272727272727,0.78125,1.0,0.8771929824561403,0.09105186508556028,0.30174801587675815,0.9773333333333334
3,DecisionTree,255,55,0.8363636363636363,1.0,0.5714285714285714,0.7272727272727273,0.16375697436523617,0.40466896886867443,0.7857142857142857
3,RandomForest+Platt,255,55,0.9090909090909091,1.0,0.7619047619047619,0.8648648648648649,0.08062877284946897,0.2839520608297622,0.9817927170868348
3,RF+OptimalThreshold,255,55,0.9454545454545454,0.95,0.9047619047619048,0.926829268292683,0.08062877284946897,0.2839520608297622,0.9817927170868348
3,LogisticRegression,255,55,0.9636363636363636,1.0,0.9047619047619048,0.95,0.037422999959449206,0.1934502518981281,0.9873949579831933
4,DecisionTree,255,55,0.7272727272727273,0.6470588235294118,0.55,0.5945945945945946,0.27047377363601516,0.5200709313507295,0.6771428571428572
4,RandomForest+Platt,255,55,0.8181818181818182,0.8125,0.65,0.7222222222222222,0.1272215972864561,0.35668136660954985,0.9014285714285715
4,RF+OptimalThreshold,255,55,0.7272727272727273,0.5925925925925926,0.8,0.6808510638297872,0.1272215972864561,0.35668136660954985,0.9014285714285715
4,LogisticRegression,255,55,0.8,0.6666666666666666,0.9,0.7659574468085106,0.1430039165715357,0.3781585865368334,0.92
5,DecisionTree,255,55,0.9090909090909091,0.9259259259259259,0.8928571428571429,0.9090909090909091,0.07194837501914726,0.2682319425779623,0.9623015873015873
5,RandomForest+Platt,255,55,0.8727272727272727,1.0,0.75,0.8571428571428571,0.107531851841067,0.3279204962198414,0.9656084656084656
5,RF+OptimalThreshold,255,55,0.8545454545454545,0.9545454545454546,0.75,0.84,0.107531851841067,0.3279204962198414,0.9656084656084656
5,LogisticRegression,255,55,0.8363636363636363,0.8275862068965517,0.8571428571428571,0.8421052631578947,0.10248884041809064,0.32013878305836463,0.9523809523809523
6,DecisionTree,255,55,0.9090909090909091,0.9259259259259259,0.8928571428571429,0.9090909090909091,0.09869239856359073,0.31415346339582306,0.9113756613756613
6,RandomForest+Platt,255,55,0.8545454545454545,0.9545454545454546,0.75,0.84,0.10400432494144372,0.32249701539928044,0.9814814814814815
6,RF+OptimalThreshold,255,55,0.9090909090909091,0.96,0.8571428571428571,0.9056603773584906,0.10400432494144372,0.32249701539928044,0.9814814814814815
6,LogisticRegression,255,55,0.8727272727272727,0.8387096774193549,0.9285714285714286,0.8813559322033898,0.09945908677914903,0.31537134742894607,0.9563492063492064
7,DecisionTree,255,55,0.9090909090909091,0.88,0.9166666666666666,0.8979591836734694,0.08969842598655367,0.2994969548869465,0.9227150537634408
7,RandomForest+Platt,255,55,0.8181818181818182,1.0,0.5833333333333334,0.7368421052631579,0.12291553590509889,0.35059312016224575,0.9637096774193549
7,RF+OptimalThreshold,255,55,0.8909090909090909,0.9090909090909091,0.8333333333333334,0.8695652173913043,0.12291553590509889,0.35059312016224575,0.9637096774193549
7,LogisticRegression,255,55,0.9454545454545454,0.92,0.9583333333333334,0.9387755102040817,0.05556777341385568,0.23572817696205875,0.9744623655913978
8,DecisionTree,255,55,0.9090909090909091,0.8235294117647058,0.875,0.8484848484848485,0.06913872089978257,0.26294242886948194,0.9270833333333334
8,RandomForest+Platt,255,55,0.9272727272727272,1.0,0.75,0.8571428571428571,0.06373344235849854,0.2524548323136211,0.9583333333333333
8,RF+OptimalThreshold,255,55,0.9090909090909091,0.7894736842105263,0.9375,0.8571428571428571,0.06373344235849854,0.2524548323136211,0.9583333333333333
8,LogisticRegression,255,55,0.9090909090909091,0.7619047619047619,1.0,0.8648648648648649,0.05531097583120193,0.2351828561592063,0.9967948717948718
9,DecisionTree,255,55,0.7636363636363637,0.6785714285714286,0.8260869565217391,0.7450980392156863,0.16876192918343003,0.410806437611961,0.795516304347826
9,RandomForest+Platt,255,55,0.8363636363636363,0.8888888888888888,0.6956521739130435,0.7804878048780488,0.10151361935601676,0.31861202010598527,0.9470108695652174
9,RF+OptimalThreshold,255,55,0.8909090909090909,0.9047619047619048,0.8260869565217391,0.8636363636363636,0.10151361935601676,0.31861202010598527,0.9470108695652174
9,LogisticRegression,255,55,0.8727272727272727,0.8076923076923077,0.9130434782608695,0.8571428571428571,0.11733632094884335,0.3425438963824102,0.9008152173913043
10,DecisionTree,255,55,0.8909090909090909,0.9354838709677419,0.8787878787878788,0.90625,0.08935007445038586,0.2989148280871758,0.9276859504132233
10,RandomForest+Platt,255,55,0.9272727272727272,0.9142857142857143,0.9696969696969697,0.9411764705882353,0.057228342832928644,0.23922446119268123,0.9793388429752066
10,RF+OptimalThreshold,255,55,0.9272727272727272,0.9142857142857143,0.9696969696969697,0.9411764705882353,0.057228342832928644,0.23922446119268123,0.9793388429752066
10,LogisticRegression,255,55,0.9272727272727272,0.9142857142857143,0.9696969696969697,0.9411764705882353,0.06973981009765942,0.2640829606348343,0.9848484848484849
11,DecisionTree,255,55,0.8909090909090909,0.9090909090909091,0.8333333333333334,0.8695652173913043,0.09346076524181712,0.30571353460685563,0.9099462365591399
11,RandomForest+Platt,255,55,0.8727272727272727,0.8148148148148148,0.9166666666666666,0.8627450980392157,0.07107155693837008,0.266592492276827,0.9744623655913979
11,RF+OptimalThreshold,255,55,0.8727272727272727,0.7741935483870968,1.0,0.8727272727272727,0.07107155693837008,0.266592492276827,0.9744623655913979
11,LogisticRegression,255,55,0.8727272727272727,0.7931034482758621,0.9583333333333334,0.8679245283018868,0.08684763970466426,0.2946992360096379,0.9811827956989246
12,DecisionTree,255,55,0.8181818181818182,0.8666666666666667,0.8125,0.8387096774193549,0.1406429339095378,0.37502391111706174,0.8641304347826086
12,RandomForest+Platt,255,55,0.8181818181818182,0.8928571428571429,0.78125,0.8333333333333334,0.11361564234191207,0.3370691951838852,0.9415760869565218
12,RF+OptimalThreshold,255,55,0.8727272727272727,0.9032258064516129,0.875,0.8888888888888888,0.11361564234191207,0.3370691951838852,0.9415760869565218
12,LogisticRegression,255,55,0.8545454545454545,0.8529411764705882,0.90625,0.8787878787878788,0.09045061069383555,0.3007500801227417,0.9592391304347826
13,DecisionTree,255,55,0.8181818181818182,0.8928571428571429,0.78125,0.8333333333333334,0.1482241132402065,0.3849988483621821,0.8342391304347827
13,RandomForest+Platt,255,55,0.8363636363636363,0.8484848484848485,0.875,0.8615384615384616,0.117080758302119,0.3421706566935847,0.9239130434782609
13,RF+OptimalThreshold,255,55,0.7818181818181819,0.75,0.9375,0.8333333333333334,0.117080758302119,0.3421706566935847,0.9239130434782609
13,LogisticRegression,255,55,0.7818181818181819,0.7777777777777778,0.875,0.8235294117647058,0.13171279177363718,0.3629225699424564,0.9361413043478262
14,DecisionTree,255,55,0.8909090909090909,0.8181818181818182,1.0,0.9,0.09387975996661375,0.30639804171471746,0.9219576719576719
14,RandomForest+Platt,255,55,0.8545454545454545,0.8275862068965517,0.8888888888888888,0.8571428571428571,0.08047756825779283,0.2836856856765826,0.9642857142857142
14,RF+OptimalThreshold,255,55,0.8545454545454545,0.8275862068965517,0.8888888888888888,0.8571428571428571,0.08047756825779283,0.2836856856765826,0.9642857142857142
14,LogisticRegression,255,55,0.8727272727272727,0.8571428571428571,0.8888888888888888,0.8727272727272727,0.09131437675301805,0.3021826877122812,0.9537037037037037
15,DecisionTree,255,55,0.8181818181818182,0.7714285714285715,0.9310344827586207,0.84375,0.13461852283659229,0.36690396950236487,0.8746684350132625
15,RandomForest+Platt,255,55,0.8363636363636363,0.8571428571428571,0.8275862068965517,0.8421052631578947,0.10856214263978539,0.32948769725102844,0.9389920424403183
15,RF+OptimalThreshold,255,55,0.8181818181818182,0.7714285714285715,0.9310344827586207,0.84375,0.10856214263978539,0.32948769725102844,0.9389920424403183
15,LogisticRegression,255,55,0.8,0.725,1.0,0.8405797101449275,0.14304663425322647,0.3782150634932809,0.9456233421750663
16,DecisionTree,255,55,0.8545454545454545,0.88,0.8148148148148148,0.8461538461538461,0.10444757337251918,0.3231834979891752,0.9272486772486773
16,RandomForest+Platt,255,55,0.9454545454545454,0.9615384615384616,0.9259259259259259,0.9433962264150944,0.05172421966513396,0.22742959276473665,0.9880952380952381
16,RF+OptimalThreshold,255,55,0.9090909090909091,0.84375,1.0,0.9152542372881356,0.05172421966513396,0.22742959276473665,0.9880952380952381
16,LogisticRegression,255,55,0.9090909090909091,0.8928571428571429,0.9259259259259259,0.9090909090909091,0.0515845198912642,0.22712225758666674,0.9841269841269842
17,DecisionTree,255,55,0.8,0.75,0.4,0.5217391304347826,0.19508654893515434,0.4416860298166044,0.6741666666666666
17,RandomForest+Platt,255,55,0.8545454545454545,0.7692307692307693,0.6666666666666666,0.7142857142857143,0.081915728420977,0.286209238881237,0.95
17,RF+OptimalThreshold,255,55,0.8727272727272727,0.7857142857142857,0.7333333333333333,0.7586206896551724,0.081915728420977,0.286209238881237,0.95
17,LogisticRegression,255,55,0.8727272727272727,0.7222222222222222,0.8666666666666667,0.7878787878787878,0.09226890201473846,0.30375796617494405,0.95
18,DecisionTree,255,55,0.8545454545454545,0.8571428571428571,0.782608695652174,0.8181818181818182,0.12789500215252092,0.35762410734250133,0.8634510869565217
18,RandomForest+Platt,255,55,0.7454545454545455,1.0,0.391304347826087,0.5625,0.16627216320173313,0.4077648381135052,0.9646739130434783
18,RF+OptimalThreshold,255,55,0.8545454545454545,1.0,0.6521739130434783,0.7894736842105263,0.16627216320173313,0.4077648381135052,0.9646739130434783
18,LogisticRegression,255,55,0.8909090909090909,0.8148148148148148,0.9565217391304348,0.88,0.06717089245731954,0.25917347946369734,0.9796195652173914
19,DecisionTree,255,55,0.8727272727272727,0.9629629629629629,0.8125,0.8813559322033898,0.10551327822812798,0.3248280748767384,0.9137228260869565
19,RandomForest+Platt,255,55,0.8181818181818182,0.9230769230769231,0.75,0.8275862068965517,0.10923381110252595,0.33050538740317975,0.9347826086956522
19,RF+OptimalThreshold,255,55,0.8727272727272727,0.9032258064516129,0.875,0.8888888888888888,0.10923381110252595,0.33050538740317975,0.9347826086956522
19,LogisticRegression,255,55,0.8909090909090909,0.9333333333333333,0.875,0.9032258064516129,0.10657957025436951,0.32646526653592034,0.9402173913043479
20,DecisionTree,255,55,0.8181818181818182,0.8620689655172413,0.8064516129032258,0.8333333333333334,0.1480359899453936,0.38475445409428805,0.8615591397849462
20,RandomForest+Platt,255,55,0.8727272727272727,0.9285714285714286,0.8387096774193549,0.8813559322033898,0.0792474011216345,0.2815091492680735,0.967741935483871
20,RF+OptimalThreshold,255,55,0.9090909090909091,0.90625,0.9354838709677419,0.9206349206349206,0.0792474011216345,0.2815091492680735,0.967741935483871
20,LogisticRegression,255,55,0.8909090909090909,0.9032258064516129,0.9032258064516129,0.9032258064516129,0.07534645321200735,0.274493084087755,0.9650537634408602
21,DecisionTree,255,55,0.8363636363636363,0.72,0.9,0.8,0.1422351464570561,0.37714075151998105,0.8778571428571429
21,RandomForest+Platt,255,55,0.8727272727272727,0.782608695652174,0.9,0.8372093023255814,0.08646922499108496,0.29405649965794833,0.9471428571428572
21,RF+OptimalThreshold,255,55,0.8363636363636363,0.6896551724137931,1.0,0.8163265306122449,0.08646922499108496,0.29405649965794833,0.9471428571428572
21,LogisticRegression,255,55,0.7454545454545455,0.5882352941176471,1.0,0.7407407407407407,0.1791198603522762,0.4232255431236118,0.9685714285714286
22,DecisionTree,255,55,0.8909090909090909,0.92,0.8518518518518519,0.8846153846153846,0.09995587976882461,0.3161579981098448,0.9153439153439153
22,RandomForest+Platt,255,55,0.8727272727272727,0.9545454545454546,0.7777777777777778,0.8571428571428571,0.08471668312881389,0.29106130476037845,0.9484126984126984
22,RF+OptimalThreshold,255,55,0.9090909090909091,0.9583333333333334,0.8518518518518519,0.9019607843137255,0.08471668312881389,0.29106130476037845,0.9484126984126984
22,LogisticRegression,255,55,0.9090909090909091,0.8666666666666667,0.9629629629629629,0.9122807017543859,0.06908911318107466,0.2628480800406856,0.9642857142857143
23,DecisionTree,255,55,0.9090909090909091,0.9,0.8571428571428571,0.8780487804878049,0.08945205831221664,0.2990853696057643,0.896358543417367
23,RandomForest+Platt,255,55,0.9272727272727272,1.0,0.8095238095238095,0.8947368421052632,0.05945749912480423,0.24383908448975983,0.9551820728291317
23,RF+OptimalThreshold,255,55,0.9454545454545454,0.95,0.9047619047619048,0.926829268292683,0.05945749912480423,0.24383908448975983,0.9551820728291317
23,LogisticRegression,255,55,0.9090909090909091,0.9444444444444444,0.8095238095238095,0.8717948717948718,0.06559602423702927,0.2561172080064697,0.9747899159663864
24,DecisionTree,255,55,0.8363636363636363,0.8709677419354839,0.84375,0.8571428571428571,0.11603701527575873,0.3406420632801515,0.9008152173913044
24,RandomForest+Platt,255,55,0.9090909090909091,0.9655172413793104,0.875,0.9180327868852459,0.06206415726195002,0.24912678953085318,0.9796195652173914
24,RF+OptimalThreshold,255,55,0.8909090909090909,0.9333333333333333,0.875,0.9032258064516129,0.06206415726195002,0.24912678953085318,0.9796195652173914
24,LogisticRegression,255,55,0.9454545454545454,0.9142857142857143,1.0,0.9552238805970149,0.05113828918481389,0.22613776594106055,0.9864130434782609
25,DecisionTree,255,55,0.9272727272727272,0.9166666666666666,0.9705882352941176,0.9428571428571428,0.060414514156573416,0.24579364140793677,0.9754901960784315
25,RandomForest+Platt,255,55,0.8909090909090909,0.9666666666666667,0.8529411764705882,0.90625,0.07775543792968168,0.27884662079659794,0.9677871148459383
25,RF+OptimalThreshold,255,55,0.8545454545454545,0.90625,0.8529411764705882,0.8787878787878788,0.07775543792968168,0.27884662079659794,0.9677871148459383
25,LogisticRegression,255,55,0.8909090909090909,0.868421052631579,0.9705882352941176,0.9166666666666666,0.07971197912832273,0.2823330995974838,0.964985994397759
26,DecisionTree,255,55,0.8909090909090909,0.8421052631578947,1.0,0.9142857142857143,0.08010974265534539,0.283036645428371,0.9320652173913043
26,RandomForest+Platt,255,55,0.9090909090909091,0.9354838709677419,0.90625,0.9206349206349206,0.05620024866862832,0.23706591629466334,0.982336956521739
26,RF+OptimalThreshold,255,55,0.8909090909090909,0.8421052631578947,1.0,0.9142857142857143,0.05620024866862832,0.23706591629466334,0.982336956521739
26,LogisticRegression,255,55,0.9272727272727272,0.8888888888888888,1.0,0.9411764705882353,0.06680516470315001,0.2584669508915018,0.9809782608695652
27,DecisionTree,255,55,0.7454545454545455,0.5,0.35714285714285715,0.4166666666666667,0.24603606220646884,0.4960202235861647,0.6149825783972125
27,RandomForest+Platt,255,55,0.8545454545454545,0.875,0.5,0.6363636363636364,0.12857422420270329,0.35857248110068807,0.8815331010452963
27,RF+OptimalThreshold,255,55,0.8363636363636363,0.7777777777777778,0.5,0.6086956521739131,0.12857422420270329,0.35857248110068807,0.8815331010452963
27,LogisticRegression,255,55,0.7818181818181819,1.0,0.14285714285714285,0.25,0.18403071776732358,0.4289880158784434,0.8710801393728222
28,DecisionTree,255,55,0.8727272727272727,0.8275862068965517,0.9230769230769231,0.8727272727272727,0.09591910525152142,0.3097080968452737,0.940318302387268
28,RandomForest+Platt,255,55,0.8363636363636363,1.0,0.6538461538461539,0.7906976744186046,0.09987883503216002,0.3160361293146086,0.9920424403183025
28,RF+OptimalThreshold,255,55,0.9636363636363636,1.0,0.9230769230769231,0.96,0.09987883503216002,0.3160361293146086,0.9920424403183025
28,LogisticRegression,255,55,0.9272727272727272,0.9583333333333334,0.8846153846153846,0.92,0.04890377429685254,0.22114197769047048,0.9893899204244032
29,DecisionTree,255,55,0.7636363636363637,0.9130434782608695,0.65625,0.7636363636363637,0.19835598618598912,0.445371739321198,0.8457880434782608
29,RandomForest+Platt,255,55,0.8909090909090909,0.9642857142857143,0.84375,0.9,0.09266933113669001,0.30441637790481973,0.9388586956521741
29,RF+OptimalThreshold,255,55,0.8545454545454545,0.8333333333333334,0.9375,0.8823529411764706,0.09266933113669001,0.30441637790481973,0.9388586956521741
29,LogisticRegression,255,55,0.9090909090909091,0.8857142857142857,0.96875,0.9253731343283582,0.07121443166408553,0.26686032238623547,0.9769021739130435
30,DecisionTree,255,55,0.8909090909090909,0.896551724137931,0.896551724137931,0.896551724137931,0.08443219026159633,0.2905721773700922,0.9389920424403183
30,RandomForest+Platt,255,55,0.9454545454545454,1.0,0.896551724137931,0.9454545454545454,0.04111998147365663,0.20278062400943692,0.9933687002652519
30,RF+OptimalThreshold,255,55,0.9636363636363636,0.9655172413793104,0.9655172413793104,0.9655172413793104,0.04111998147365663,0.20278062400943692,0.9933687002652519
30,LogisticRegression,255,55,0.9636363636363636,1.0,0.9310344827586207,0.9642857142857143,0.030435256004102122,0.17445703197091864,0.9973474801061009
31,DecisionTree,255,55,0.9090909090909091,0.9375,0.7894736842105263,0.8571428571428571,0.08869521113695622,0.2978174124139759,0.9005847953216375
31,RandomForest+Platt,255,55,0.8727272727272727,1.0,0.631578947368421,0.7741935483870968,0.10735428900878957,0.32764964368787214,0.97953216374269
31,RF+OptimalThreshold,255,55,0.9090909090909091,1.0,0.7368421052631579,0.8484848484848485,0.10735428900878957,0.32764964368787214,0.97953216374269
31,LogisticRegression,255,55,0.7454545454545455,0.5757575757575758,1.0,0.7307692307692307,0.1348383028872995,0.3672033535893967,0.9853801169590644
32,DecisionTree,255,55,0.8727272727272727,0.8333333333333334,0.967741935483871,0.8955223880597015,0.09519643431854262,0.30853919413672976,0.9287634408602151
32,RandomForest+Platt,255,55,0.8545454545454545,0.8709677419354839,0.8709677419354839,0.8709677419354839,0.08405284285165139,0.2899186831710771,0.9637096774193548
32,RF+OptimalThreshold,255,55,0.8727272727272727,0.875,0.9032258064516129,0.8888888888888888,0.08405284285165139,0.2899186831710771,0.9637096774193548
32,LogisticRegression,255,55,0.8181818181818182,0.7692307692307693,0.967741935483871,0.8571428571428571,0.1357373229877005,0.3684254646298224,0.961021505376344
33,DecisionTree,255,55,0.8545454545454545,0.9354838709677419,0.8285714285714286,0.8787878787878788,0.13175580776531373,0.36298182842301313,0.8592857142857144
33,RandomForest+Platt,255,55,0.8727272727272727,0.9666666666666667,0.8285714285714286,0.8923076923076924,0.09751541362078531,0.3122745804909284,0.9457142857142856
33,RF+OptimalThreshold,255,55,0.8727272727272727,0.9666666666666667,0.8285714285714286,0.8923076923076924,0.09751541362078531,0.3122745804909284,0.9457142857142856
33,LogisticRegression,255,55,0.9090909090909091,0.9411764705882353,0.9142857142857143,0.927536231884058,0.06214370399376854,0.24928638950766754,0.9785714285714286
34,DecisionTree,255,55,0.8363636363636363,0.76,0.8636363636363636,0.8085106382978723,0.0820513988766942,0.2864461535379629,0.9152892561983471
34,RandomForest+Platt,255,55,0.9272727272727272,1.0,0.8181818181818182,0.9,0.06452262997844174,0.25401305080338243,0.965564738292011
34,RF+OptimalThreshold,255,55,0.9454545454545454,1.0,0.8636363636363636,0.926829268292683,0.06452262997844174,0.25401305080338243,0.965564738292011
34,LogisticRegression,255,55,0.7818181818181819,0.6470588235294118,1.0,0.7857142857142857,0.19515371717098767,0.44176205945167774,0.977961432506887
35,DecisionTree,255,55,0.7818181818181819,0.7,0.7,0.7,0.18965612795891915,0.4354952674357313,0.6992857142857143
35,RandomForest+Platt,255,55,0.8545454545454545,0.875,0.7,0.7777777777777778,0.10299909978641206,0.3209347282336582,0.9385714285714286
35,RF+OptimalThreshold,255,55,0.8727272727272727,0.8823529411764706,0.75,0.8108108108108109,0.10299909978641206,0.3209347282336582,0.9385714285714286
35,LogisticRegression,255,55,0.8727272727272727,0.8095238095238095,0.85,0.8292682926829268,0.07581724914436286,0.27534932203359946,0.9514285714285714
36,DecisionTree,255,55,0.8545454545454545,0.7857142857142857,0.9166666666666666,0.8461538461538461,0.06938893641654134,0.2634177982151953,0.9462365591397848
36,RandomForest+Platt,255,55,0.8909090909090909,0.9090909090909091,0.8333333333333334,0.8695652173913043,0.08390498806543638,0.2896635773883841,0.9663978494623656
36,RF+OptimalThreshold,255,55,0.8909090909090909,0.8214285714285714,0.9583333333333334,0.8846153846153846,0.08390498806543638,0.2896635773883841,0.9663978494623656
36,LogisticRegression,255,55,0.9090909090909091,0.8275862068965517,1.0,0.9056603773584906,0.06667460618643498,0.25821426410335074,0.9865591397849462
37,DecisionTree,255,55,0.9636363636363636,0.9,1.0,0.9473684210526315,0.0236407990583258,0.1537556472404373,0.9864864864864865
37,RandomForest+Platt,255,55,0.9636363636363636,0.9,1.0,0.9473684210526315,0.028481978347887384,0.16876604619379867,0.9984984984984985
37,RF+OptimalThreshold,255,55,0.9090909090909091,0.782608695652174,1.0,0.8780487804878049,0.028481978347887384,0.16876604619379867,0.9984984984984985
37,LogisticRegression,255,55,0.8909090909090909,0.75,1.0,0.8571428571428571,0.0842242492229733,0.29021414373350807,0.9894894894894894
38,DecisionTree,255,55,0.8181818181818182,0.9024390243902439,0.8604651162790697,0.8809523809523809,0.1835583099825668,0.4284370548663675,0.7596899224806203
38,RandomForest+Platt,255,55,0.8727272727272727,0.9285714285714286,0.9069767441860465,0.9176470588235294,0.08657971847012945,0.2942443176513855,0.945736434108527
38,RF+OptimalThreshold,255,55,0.8909090909090909,0.8936170212765957,0.9767441860465116,0.9333333333333333,0.08657971847012945,0.2942443176513855,0.945736434108527
38,LogisticRegression,255,55,0.8727272727272727,0.9285714285714286,0.9069767441860465,0.9176470588235294,0.099354390093214,0.3152053141893614,0.9515503875968991
39,DecisionTree,255,55,0.7818181818181819,0.75,0.8076923076923077,0.7777777777777778,0.1602259035267462,0.4002822798060716,0.883289124668435
39,RandomForest+Platt,255,55,0.8727272727272727,0.88,0.8461538461538461,0.8627450980392157,0.08988418085944831,0.2998069059568981,0.9403183023872679
39,RF+OptimalThreshold,255,55,0.8909090909090909,0.8846153846153846,0.8846153846153846,0.8846153846153846,0.08988418085944831,0.2998069059568981,0.9403183023872679
39,LogisticRegression,255,55,0.8727272727272727,0.8518518518518519,0.8846153846153846,0.8679245283018868,0.07672488292689669,0.27699256836041053,0.9708222811671087
40,DecisionTree,255,55,0.7636363636363637,0.6538461538461539,0.8095238095238095,0.723404255319149,0.1698165319784857,0.41208801484450586,0.8179271708683474
40,RandomForest+Platt,255,55,0.8,1.0,0.47619047619047616,0.6451612903225806,0.1597835199849481,0.39972930838874965,0.8795518207282913
40,RF+OptimalThreshold,255,55,0.8,1.0,0.47619047619047616,0.6451612903225806,0.1597835199849481,0.39972930838874965,0.8795518207282913
40,LogisticRegression,255,55,0.8181818181818182,0.72,0.8571428571428571,0.782608695652174,0.16266684022490216,0.4033197741555727,0.8683473389355743
41,DecisionTree,255,55,0.9272727272727272,0.9375,0.8333333333333334,0.8823529411764706,0.07272727272727272,0.26967994498529685,0.9031531531531533
41,RandomForest+Platt,255,55,0.9636363636363636,1.0,0.8888888888888888,0.9411764705882353,0.039664747272612356,0.19916010462091135,0.9924924924924925
41,RF+OptimalThreshold,255,55,0.9636363636363636,0.9444444444444444,0.9444444444444444,0.9444444444444444,0.039664747272612356,0.19916010462091135,0.9924924924924925
41,LogisticRegression,255,55,0.9636363636363636,1.0,0.8888888888888888,0.9411764705882353,0.03106718154974372,0.17625884814596887,0.990990990990991
42,DecisionTree,255,55,0.7818181818181819,0.7727272727272727,0.7083333333333334,0.7391304347826086,0.21089147072838896,0.4592292137140112,0.7540322580645161
42,RandomForest+Platt,255,55,0.8909090909090909,0.9090909090909091,0.8333333333333334,0.8695652173913043,0.08368830233730605,0.2892893056047977,0.9543010752688171
42,RF+OptimalThreshold,255,55,0.8363636363636363,0.7586206896551724,0.9166666666666666,0.8301886792452831,0.08368830233730605,0.2892893056047977,0.9543010752688171
42,LogisticRegression,255,55,0.8909090909090909,0.8461538461538461,0.9166666666666666,0.88,0.08842051192125427,0.29735586747406595,0.950268817204301
43,DecisionTree,255,55,0.9090909090909091,0.9285714285714286,0.896551724137931,0.9122807017543859,0.08431971587438851,0.2903785733734301,0.9230769230769231
43,RandomForest+Platt,255,55,0.8727272727272727,0.8928571428571429,0.8620689655172413,0.8771929824561403,0.09158230187474554,0.30262567947010965,0.9628647214854111
43,RF+OptimalThreshold,255,55,0.8727272727272727,1.0,0.7586206896551724,0.8627450980392157,0.09158230187474554,0.30262567947010965,0.9628647214854111
43,LogisticRegression,255,55,0.9272727272727272,0.9032258064516129,0.9655172413793104,0.9333333333333333,0.05770238499679637,0.2402132073737753,0.9827586206896552
44,DecisionTree,255,55,0.8727272727272727,0.8260869565217391,0.8636363636363636,0.8444444444444444,0.11301763020160129,0.3361809486000081,0.8829201101928374
44,RandomForest+Platt,255,55,0.8909090909090909,1.0,0.7272727272727273,0.8421052631578947,0.10356907752017243,0.321821499468529,0.9628099173553719
44,RF+OptimalThreshold,255,55,0.8727272727272727,1.0,0.6818181818181818,0.8108108108108109,0.10356907752017243,0.321821499468529,0.9628099173553719
44,LogisticRegression,255,55,0.9090909090909091,0.9473684210526315,0.8181818181818182,0.8780487804878049,0.06841408599212741,0.26156086479465424,0.9765840220385675
45,DecisionTree,255,55,0.9090909090909091,0.8888888888888888,0.9230769230769231,0.9056603773584906,0.08405003200693374,0.28991383548725946,0.940318302387268
45,RandomForest+Platt,255,55,0.8727272727272727,0.9523809523809523,0.7692307692307693,0.851063829787234,0.1280070471307151,0.3577807249289921,0.9615384615384616
45,RF+OptimalThreshold,255,55,0.9090909090909091,0.9565217391304348,0.8461538461538461,0.8979591836734694,0.1280070471307151,0.3577807249289921,0.9615384615384616
45,LogisticRegression,255,55,0.8909090909090909,0.8333333333333334,0.9615384615384616,0.8928571428571429,0.0859474464872702,0.2931679492838025,0.9681697612732096
46,DecisionTree,255,55,0.8545454545454545,0.9473684210526315,0.72,0.8181818181818182,0.15043568729181775,0.3878603966529939,0.8406666666666667
46,RandomForest+Platt,255,55,0.8363636363636363,0.9444444444444444,0.68,0.7906976744186046,0.10443303065810658,0.3231609980460306,0.9666666666666667
46,RF+OptimalThreshold,255,55,0.9090909090909091,0.9545454545454546,0.84,0.8936170212765957,0.10443303065810658,0.3231609980460306,0.9666666666666667
46,LogisticRegression,255,55,0.9090909090909091,0.8333333333333334,1.0,0.9090909090909091,0.06974148850912908,0.26408613842670553,0.9826666666666667
47,DecisionTree,255,55,0.8545454545454545,0.7419354838709677,1.0,0.8518518518518519,0.10522818874958605,0.32438894671302543,0.953125
47,RandomForest+Platt,255,55,0.9090909090909091,0.8461538461538461,0.9565217391304348,0.8979591836734694,0.06545681349086245,0.2558452921022047,0.9823369565217391
47,RF+OptimalThreshold,255,55,0.8909090909090909,0.8148148148148148,0.9565217391304348,0.88,0.06545681349086245,0.2558452921022047,0.9823369565217391
47,LogisticRegression,255,55,0.8545454545454545,0.7586206896551724,0.9565217391304348,0.8461538461538461,0.10701089064247986,0.3271251910851255,0.9823369565217391
48,DecisionTree,255,55,0.8909090909090909,0.875,0.9333333333333333,0.9032258064516129,0.07291886312521353,0.2700349294539755,0.9560000000000001
48,RandomForest+Platt,255,55,0.9454545454545454,1.0,0.9,0.9473684210526315,0.07938093662090721,0.2817462273410368,0.9640000000000001
48,RF+OptimalThreshold,255,55,0.8727272727272727,0.8709677419354839,0.9,0.8852459016393442,0.07938093662090721,0.2817462273410368,0.9640000000000001
48,LogisticRegression,255,55,0.8727272727272727,0.8709677419354839,0.9,0.8852459016393442,0.0681588200082764,0.2610724420697757,0.9773333333333334
49,DecisionTree,255,55,0.9454545454545454,0.9032258064516129,1.0,0.9491525423728814,0.04839860625522178,0.2199968323754271,0.9596560846560847
49,RandomForest+Platt,255,55,0.9272727272727272,0.875,1.0,0.9333333333333333,0.070467233735096,0.2654566513295457,0.9828042328042328
49,RF+OptimalThreshold,255,55,0.9272727272727272,0.875,1.0,0.9333333333333333,0.070467233735096,0.2654566513295457,0.9828042328042328
49,LogisticRegression,255,55,0.9272727272727272,0.9,0.9642857142857143,0.9310344827586207,0.06298329768165206,0.25096473394015356,0.9841269841269842
50,DecisionTree,255,55,0.8727272727272727,0.8275862068965517,0.9230769230769231,0.8727272727272727,0.10816647070382214,0.32888671408833486,0.9257294429708223
50,RandomForest+Platt,255,55,0.8909090909090909,0.9545454545454546,0.8076923076923077,0.875,0.06654895934590135,0.2579708497987735,0.9761273209549072
50,RF+OptimalThreshold,255,55,0.8909090909090909,0.8333333333333334,0.9615384615384616,0.8928571428571429,0.06654895934590135,0.2579708497987735,0.9761273209549072
50,LogisticRegression,255,55,0.9090909090909091,0.92,0.8846153846153846,0.9019607843137255,0.054975298475336824,0.2344681182492341,0.9854111405835543
51,DecisionTree,255,55,0.9090909090909091,0.8787878787878788,0.9666666666666667,0.9206349206349206,0.08135993424251836,0.285236628507838,0.9386666666666668
51,RandomForest+Platt,255,55,0.9272727272727272,0.90625,0.9666666666666667,0.9354838709677419,0.06715512040418796,0.2591430500788859,0.9626666666666667
51,RF+OptimalThreshold,255,55,0.9272727272727272,0.90625,0.9666666666666667,0.9354838709677419,0.06715512040418796,0.2591430500788859,0.9626666666666667
51,LogisticRegression,255,55,0.8909090909090909,0.8529411764705882,0.9666666666666667,0.90625,0.08165611199412519,0.2857553358979062,0.9813333333333334
52,DecisionTree,255,55,0.8909090909090909,0.8837209302325582,0.9743589743589743,0.926829268292683,0.10151213684338516,0.3186096935803824,0.8477564102564102
52,RandomForest+Platt,255,55,0.9090909090909091,0.9473684210526315,0.9230769230769231,0.935064935064935,0.07448470930031154,0.2729188694471519,0.953525641025641
52,RF+OptimalThreshold,255,55,0.9090909090909091,0.925,0.9487179487179487,0.9367088607594937,0.07448470930031154,0.2729188694471519,0.953525641025641
52,LogisticRegression,255,55,0.9090909090909091,0.925,0.9487179487179487,0.9367088607594937,0.07220597415506454,0.26871169337240336,0.9455128205128205
53,DecisionTree,255,55,0.9272727272727272,0.9210526315789473,0.9722222222222222,0.9459459459459459,0.0667358863384736,0.2583328982891525,0.9283625730994152
53,RandomForest+Platt,255,55,0.9636363636363636,0.9722222222222222,0.9722222222222222,0.9722222222222222,0.042785078846979456,0.20684554345448067,0.9839181286549707
53,RF+OptimalThreshold,255,55,0.9272727272727272,0.9210526315789473,0.9722222222222222,0.9459459459459459,0.042785078846979456,0.20684554345448067,0.9839181286549707
53,LogisticRegression,255,55,0.8545454545454545,0.8333333333333334,0.9722222222222222,0.8974358974358975,0.06644120910924041,0.2577619233114938,0.9824561403508771
54,DecisionTree,255,55,0.8363636363636363,0.8125,0.896551724137931,0.8524590163934426,0.15142009934261202,0.3891273561992423,0.8779840848806366
54,RandomForest+Platt,255,55,0.8363636363636363,0.8333333333333334,0.8620689655172413,0.847457627118644,0.12421076334756243,0.35243547401980185,0.9244031830238727
54,RF+OptimalThreshold,255,55,0.7818181818181819,0.7575757575757576,0.8620689655172413,0.8064516129032258,0.12421076334756243,0.35243547401980185,0.9244031830238727
54,LogisticRegression,255,55,0.8181818181818182,0.7714285714285715,0.9310344827586207,0.84375,0.11569619170801144,0.34014142897919897,0.9562334217506632
55,DecisionTree,255,55,0.8727272727272727,0.96,0.8,0.8727272727272727,0.11053099552191435,0.332462021172215,0.908
55,RandomForest+Platt,255,55,0.8545454545454545,0.9583333333333334,0.7666666666666667,0.8518518518518519,0.11876952233258806,0.3446295436154423,0.9333333333333333
55,RF+OptimalThreshold,255,55,0.8181818181818182,0.8125,0.8666666666666667,0.8387096774193549,0.11876952233258806,0.3446295436154423,0.9333333333333333
55,LogisticRegression,255,55,0.8545454545454545,0.8928571428571429,0.8333333333333334,0.8620689655172413,0.09408751710480955,0.30673688579107916,0.9413333333333332
56,DecisionTree,255,55,0.8,0.9142857142857143,0.8,0.8533333333333334,0.17821844457677755,0.42215926446872815,0.87
56,RandomForest+Platt,255,55,0.8363636363636363,1.0,0.775,0.8732394366197183,0.12804388995874044,0.35783220922485504,0.9366666666666666
56,RF+OptimalThreshold,255,55,0.8363636363636363,1.0,0.775,0.8732394366197183,0.12804388995874044,0.35783220922485504,0.9366666666666666
56,LogisticRegression,255,55,0.8363636363636363,0.9428571428571428,0.825,0.88,0.12459528088899181,0.35298056729654653,0.9283333333333333
57,DecisionTree,255,55,0.8545454545454545,0.8333333333333334,0.8333333333333334,0.8333333333333334,0.11152883084644516,0.33395932513772564,0.9166666666666666
57,RandomForest+Platt,255,55,0.8545454545454545,1.0,0.6666666666666666,0.8,0.11766137231024838,0.34301803496354005,0.9200268817204301
57,RF+OptimalThreshold,255,55,0.8545454545454545,1.0,0.6666666666666666,0.8,0.11766137231024838,0.34301803496354005,0.9200268817204301
57,LogisticRegression,255,55,0.8,0.76,0.7916666666666666,0.7755102040816326,0.09973205402079165,0.3158038220490557,0.9408602150537635
58,DecisionTree,255,55,0.8909090909090909,0.9117647058823529,0.9117647058823529,0.9117647058823529,0.10682335975460873,0.3268384306574255,0.9089635854341737
58,RandomForest+Platt,255,55,0.9636363636363636,0.9705882352941176,0.9705882352941176,0.9705882352941176,0.04800126209717131,0.21909190331267678,0.9873949579831933
58,RF+OptimalThreshold,255,55,0.9090909090909091,0.8918918918918919,0.9705882352941176,0.9295774647887324,0.04800126209717131,0.21909190331267678,0.9873949579831933
58,LogisticRegression,255,55,0.8909090909090909,0.8888888888888888,0.9411764705882353,0.9142857142857143,0.05670135097774094,0.23812045476552607,0.9789915966386555
59,DecisionTree,255,55,0.8,0.68,0.85,0.7555555555555555,0.1454248336031829,0.38134608114307783,0.8478571428571429
59,RandomForest+Platt,255,55,0.8,0.8,0.6,0.6857142857142857,0.12832969001486277,0.35823133589185463,0.9214285714285715
59,RF+OptimalThreshold,255,55,0.8363636363636363,0.8235294117647058,0.7,0.7567567567567568,0.12832969001486277,0.35823133589185463,0.9214285714285715
59,LogisticRegression,255,55,0.8181818181818182,0.6785714285714286,0.95,0.7916666666666666,0.1356044164350541,0.3682450494372655,0.9271428571428572
60,DecisionTree,255,55,0.8545454545454545,0.8181818181818182,0.9310344827586207,0.8709677419354839,0.13854470193240584,0.372215934549296,0.8421750663129973
60,RandomForest+Platt,255,55,0.8363636363636363,0.8846153846153846,0.7931034482758621,0.8363636363636363,0.1246832738580345,0.3531051880927757,0.9283819628647215
60,RF+OptimalThreshold,255,55,0.8,0.8,0.8275862068965517,0.8135593220338984,0.1246832738580345,0.3531051880927757,0.9283819628647215
60,LogisticRegression,255,55,0.8545454545454545,0.8,0.9655172413793104,0.875,0.0926356865145615,0.3043611120274098,0.9655172413793104
61,DecisionTree,255,55,0.8181818181818182,0.88,0.7586206896551724,0.8148148148148148,0.16002491240343683,0.4000311392922266,0.8454907161803713
61,RandomForest+Platt,255,55,0.8545454545454545,0.8888888888888888,0.8275862068965517,0.8571428571428571,0.1003732213339629,0.316817331176757,0.9509283819628647
61,RF+OptimalThreshold,255,55,0.7818181818181819,0.717948717948718,0.9655172413793104,0.8235294117647058,0.1003732213339629,0.316817331176757,0.9509283819628647
61,LogisticRegression,255,55,0.9272727272727272,0.9310344827586207,0.9310344827586207,0.9310344827586207,0.054826142986238356,0.2341498302075796,0.9761273209549071
62,DecisionTree,255,55,0.8363636363636363,0.8421052631578947,0.7272727272727273,0.7804878048780488,0.11733511147476074,0.34254213094853125,0.9015151515151516
62,RandomForest+Platt,255,55,0.8727272727272727,0.8571428571428571,0.8181818181818182,0.8372093023255814,0.0794150952587158,0.28180684033343795,0.9669421487603306
62,RF+OptimalThreshold,255,55,0.8909090909090909,0.8333333333333334,0.9090909090909091,0.8695652173913043,0.0794150952587158,0.28180684033343795,0.9669421487603306
62,LogisticRegression,255,55,0.8545454545454545,0.75,0.9545454545454546,0.84,0.1137428156828559,0.33725778817227614,0.9752066115702479
63,DecisionTree,255,55,0.8363636363636363,0.65,0.8666666666666667,0.7428571428571429,0.126148022000438,0.35517322815837066,0.87
63,RandomForest+Platt,255,55,0.8727272727272727,1.0,0.5333333333333333,0.6956521739130435,0.10243241198992795,0.32005063972741554,0.9116666666666666
63,RF+OptimalThreshold,255,55,0.8545454545454545,0.7333333333333333,0.7333333333333333,0.7333333333333333,0.10243241198992795,0.32005063972741554,0.9116666666666666
63,LogisticRegression,255,55,0.8,0.625,0.6666666666666666,0.6451612903225806,0.12400380856680365,0.35214174499312584,0.8866666666666666
64,DecisionTree,255,55,0.8,0.7,0.9130434782608695,0.7924528301886793,0.13456966907535287,0.3668373877828606,0.877038043478261
64,RandomForest+Platt,255,55,0.8909090909090909,0.9473684210526315,0.782608695652174,0.8571428571428571,0.08244625400126046,0.2871345573093919,0.967391304347826
64,RF+OptimalThreshold,255,55,0.9090909090909091,0.95,0.8260869565217391,0.8837209302325582,0.08244625400126046,0.2871345573093919,0.967391304347826
64,LogisticRegression,255,55,0.8727272727272727,0.7857142857142857,0.9565217391304348,0.8627450980392157,0.08931032329283436,0.298848328241659,0.9646739130434783
65,DecisionTree,255,55,0.8727272727272727,0.88,0.8461538461538461,0.8627450980392157,0.11395598556691666,0.3375736742800254,0.8952254641909816
65,RandomForest+Platt,255,55,0.8727272727272727,0.9130434782608695,0.8076923076923077,0.8571428571428571,0.09333718808458637,0.30551135508289434,0.960212201591512
65,RF+OptimalThreshold,255,55,0.8909090909090909,0.9166666666666666,0.8461538461538461,0.88,0.09333718808458637,0.30551135508289434,0.960212201591512
65,LogisticRegression,255,55,0.8545454545454545,0.95,0.7307692307692307,0.8260869565217391,0.10721814686562668,0.3274418221083353,0.9787798408488063
66,DecisionTree,255,55,0.8727272727272727,0.7272727272727273,0.9411764705882353,0.8205128205128205,0.0976623112893763,0.31250969791252287,0.9171826625386996
66,RandomForest+Platt,255,55,0.8181818181818182,0.8181818181818182,0.5294117647058824,0.6428571428571429,0.11368509683997137,0.3371722065057726,0.9427244582043344
66,RF+OptimalThreshold,255,55,0.8909090909090909,0.8666666666666667,0.7647058823529411,0.8125,0.11368509683997137,0.3371722065057726,0.9427244582043344
66,LogisticRegression,255,55,0.8909090909090909,0.7619047619047619,0.9411764705882353,0.8421052631578947,0.09713336058727726,0.31166225403034814,0.9520123839009287
67,DecisionTree,255,55,0.8,0.7619047619047619,0.7272727272727273,0.7441860465116279,0.18609789873525412,0.4313906567547032,0.7768595041322315
67,RandomForest+Platt,255,55,0.7636363636363637,1.0,0.4090909090909091,0.5806451612903226,0.164453452071288,0.4055286082032783,0.9297520661157025
67,RF+OptimalThreshold,255,55,0.8363636363636363,0.8421052631578947,0.7272727272727273,0.7804878048780488,0.164453452071288,0.4055286082032783,0.9297520661157025
67,LogisticRegression,255,55,0.7818181818181819,0.6666666666666666,0.9090909090909091,0.7692307692307693,0.16679405391091284,0.40840427753748226,0.9242424242424242
68,DecisionTree,255,55,0.7272727272727273,0.5714285714285714,0.6666666666666666,0.6153846153846154,0.21825929821297405,0.46718229655346966,0.7567567567567568
68,RandomForest+Platt,255,55,0.8181818181818182,0.9,0.5,0.6428571428571429,0.13008122752394782,0.36066775226508374,0.9189189189189189
68,RF+OptimalThreshold,255,55,0.8181818181818182,0.7,0.7777777777777778,0.7368421052631579,0.13008122752394782,0.36066775226508374,0.9189189189189189
68,LogisticRegression,255,55,0.8181818181818182,0.6666666666666666,0.8888888888888888,0.7619047619047619,0.10765999859540007,0.3281158310648849,0.9339339339339339
69,DecisionTree,255,55,0.8181818181818182,0.7333333333333333,0.6470588235294118,0.6875,0.16267570949950153,0.4033307693438495,0.7933436532507739
69,RandomForest+Platt,255,55,0.6909090909090909,0.0,0.0,0.0,0.20557947056730483,0.45340872352360495,0.9504643962848297
69,RF+OptimalThreshold,255,55,0.6909090909090909,0.0,0.0,0.0,0.20557947056730483,0.45340872352360495,0.9504643962848297
69,LogisticRegression,255,55,0.8727272727272727,0.8571428571428571,0.7058823529411765,0.7741935483870968,0.08222006296265486,0.2867404104109758,0.9582043343653251
70,DecisionTree,255,55,0.7454545454545455,0.6521739130434783,0.7142857142857143,0.6818181818181818,0.22688518488204684,0.4763246633148937,0.75
70,RandomForest+Platt,255,55,0.8363636363636363,0.875,0.6666666666666666,0.7567567567567568,0.12532679989334955,0.3540152537580119,0.9173669467787114
70,RF+OptimalThreshold,255,55,0.8,0.7272727272727273,0.7619047619047619,0.7441860465116279,0.12532679989334955,0.3540152537580119,0.9173669467787114
70,LogisticRegression,255,55,0.7818181818181819,0.6451612903225806,0.9523809523809523,0.7692307692307693,0.1528720109242757,0.3909885048492803,0.9425770308123249
71,DecisionTree,255,55,0.9090909090909091,0.8260869565217391,0.95,0.8837209302325582,0.0811737439276155,0.28491006287531423,0.9321428571428572
71,RandomForest+Platt,255,55,0.9454545454545454,0.8695652173913043,1.0,0.9302325581395349,0.042515719200273305,0.20619340241693793,0.9814285714285714
71,RF+OptimalThreshold,255,55,0.9454545454545454,0.8695652173913043,1.0,0.9302325581395349,0.042515719200273305,0.20619340241693793,0.9814285714285714
71,LogisticRegression,255,55,0.7636363636363637,0.6060606060606061,1.0,0.7547169811320755,0.16107236007820802,0.4013382115849524,0.9671428571428571
72,DecisionTree,255,55,0.8363636363636363,0.5909090909090909,1.0,0.7428571428571429,0.09546414220563357,0.3089727208114554,0.9523809523809523
72,RandomForest+Platt,255,55,0.8909090909090909,0.8181818181818182,0.6923076923076923,0.75,0.06955965447181378,0.26374164341607825,0.967032967032967
72,RF+OptimalThreshold,255,55,0.8909090909090909,0.6842105263157895,1.0,0.8125,0.06955965447181378,0.26374164341607825,0.967032967032967
72,LogisticRegression,255,55,0.9272727272727272,0.7647058823529411,1.0,0.8666666666666667,0.052374963210373555,0.2288557694496111,0.9835164835164836
73,DecisionTree,255,55,0.9090909090909091,0.9354838709677419,0.90625,0.9206349206349206,0.08969699215145348,0.29949456113835105,0.9076086956521738
73,RandomForest+Platt,255,55,0.9090909090909091,0.9090909090909091,0.9375,0.9230769230769231,0.0676861815739212,0.2601656810071636,0.9633152173913043
73,RF+OptimalThreshold,255,55,0.8909090909090909,0.8611111111111112,0.96875,0.9117647058823529,0.0676861815739212,0.2601656810071636,0.9633152173913043
73,LogisticRegression,255,55,0.8909090909090909,0.8611111111111112,0.96875,0.9117647058823529,0.08706601668703766,0.2950695116189364,0.9741847826086956
74,DecisionTree,255,55,0.9272727272727272,0.9230769230769231,0.9230769230769231,0.9230769230769231,0.06499599342779394,0.2549431180239897,0.9489389920424403
74,RandomForest+Platt,255,55,0.9454545454545454,0.96,0.9230769230769231,0.9411764705882353,0.047965439656636036,0.21901013596780408,0.9867374005305041
74,RF+OptimalThreshold,255,55,0.9272727272727272,0.8928571428571429,0.9615384615384616,0.9259259259259259,0.047965439656636036,0.21901013596780408,0.9867374005305041
74,LogisticRegression,255,55,0.9272727272727272,0.9583333333333334,0.8846153846153846,0.92,0.03355839315580858,0.18318950067023104,0.9960212201591512
75,DecisionTree,255,55,0.9090909090909091,0.9117647058823529,0.9393939393939394,0.9253731343283582,0.07472327737265762,0.2733555877838564,0.944214876033058
75,RandomForest+Platt,255,55,0.8545454545454545,0.9310344827586207,0.8181818181818182,0.8709677419354839,0.06925416253459005,0.26316185615432575,0.9807162534435262
75,RF+OptimalThreshold,255,55,0.9090909090909091,0.9117647058823529,0.9393939393939394,0.9253731343283582,0.06925416253459005,0.26316185615432575,0.9807162534435262
75,LogisticRegression,255,55,0.8727272727272727,0.9333333333333333,0.8484848484848485,0.8888888888888888,0.09016032984534174,0.30026709750710573,0.9683195592286502
76,DecisionTree,255,55,0.8363636363636363,0.8571428571428571,0.8275862068965517,0.8421052631578947,0.14969575298528917,0.3869053540406092,0.853448275862069
76,RandomForest+Platt,255,55,0.7818181818181819,0.7931034482758621,0.7931034482758621,0.7931034482758621,0.13314631509670363,0.36489219654125743,0.9137931034482758
76,RF+OptimalThreshold,255,55,0.7636363636363637,0.7666666666666667,0.7931034482758621,0.7796610169491526,0.13314631509670363,0.36489219654125743,0.9137931034482758
76,LogisticRegression,255,55,0.7636363636363637,0.75,0.8275862068965517,0.7868852459016393,0.15292354677797315,0.3910544038595821,0.9058355437665783
77,DecisionTree,255,55,0.6909090909090909,0.5862068965517241,0.7727272727272727,0.6666666666666666,0.2536289204448328,0.5036158461018009,0.7479338842975206
77,RandomForest+Platt,255,55,0.8181818181818182,0.9285714285714286,0.5909090909090909,0.7222222222222222,0.12851995011006043,0.35849679232883025,0.9104683195592287
77,RF+OptimalThreshold,255,55,0.8,0.7391304347826086,0.7727272727272727,0.7555555555555555,0.12851995011006043,0.35849679232883025,0.9104683195592287
77,LogisticRegression,255,55,0.8545454545454545,0.85,0.7727272727272727,0.8095238095238095,0.10400748420434491,0.32250191348943175,0.9297520661157025
78,DecisionTree,255,55,0.9090909090909091,0.8846153846153846,0.92,0.9019607843137255,0.07832407870680641,0.27986439342439834,0.94
78,RandomForest+Platt,255,55,0.8363636363636363,1.0,0.64,0.7804878048780488,0.11723361052393323,0.34239394054792094,0.9893333333333334
78,RF+OptimalThreshold,255,55,0.9272727272727272,0.9565217391304348,0.88,0.9166666666666666,0.11723361052393323,0.34239394054792094,0.9893333333333334
78,LogisticRegression,255,55,0.9272727272727272,0.8888888888888888,0.96,0.9230769230769231,0.05554518359847804,0.23568025712494045,0.9813333333333333
79,DecisionTree,255,55,0.8181818181818182,0.9629629629629629,0.7428571428571429,0.8387096774193549,0.13656974404139222,0.3695534386815961,0.9028571428571429
79,RandomForest+Platt,255,55,0.8909090909090909,0.9393939393939394,0.8857142857142857,0.9117647058823529,0.07162705321253725,0.2676323097320973,0.9728571428571429
79,RF+OptimalThreshold,255,55,0.8909090909090909,0.9142857142857143,0.9142857142857143,0.9142857142857143,0.07162705321253725,0.2676323097320973,0.9728571428571429
79,LogisticRegression,255,55,0.9090909090909091,1.0,0.8571428571428571,0.9230769230769231,0.08350822814788579,0.2889779025252377,0.9728571428571429
80,DecisionTree,255,55,0.7272727272727273,0.6896551724137931,0.7692307692307693,0.7272727272727273,0.24275645372556517,0.4927032105898694,0.7427055702917772
80,RandomForest+Platt,255,55,0.8363636363636363,0.8695652173913043,0.7692307692307693,0.8163265306122449,0.12523129703937524,0.3538803428270285,0.9177718832891246
80,RF+OptimalThreshold,255,55,0.8363636363636363,0.7931034482758621,0.8846153846153846,0.8363636363636363,0.12523129703937524,0.3538803428270285,0.9177718832891246
80,LogisticRegression,255,55,0.8909090909090909,0.8846153846153846,0.8846153846153846,0.8846153846153846,0.09397747812433872,0.30655746300545145,0.9496021220159151
81,DecisionTree,255,55,0.9090909090909091,0.9444444444444444,0.918918918918919,0.9315068493150684,0.07995251290082953,0.282758753888946,0.9264264264264263
81,RandomForest+Platt,255,55,0.8727272727272727,0.9166666666666666,0.8918918918918919,0.9041095890410958,0.07224679932836606,0.26878764727636956,0.96996996996997
81,RF+OptimalThreshold,255,55,0.9090909090909091,0.9705882352941176,0.8918918918918919,0.9295774647887324,0.07224679932836606,0.26878764727636956,0.96996996996997
81,LogisticRegression,255,55,0.9272727272727272,0.9459459459459459,0.9459459459459459,0.9459459459459459,0.046913089014055116,0.21659429589454823,0.981981981981982
82,DecisionTree,255,55,0.8,0.782608695652174,0.75,0.7659574468085106,0.13206596867961665,0.36340881755898086,0.894489247311828
82,RandomForest+Platt,255,55,0.8181818181818182,0.8888888888888888,0.6666666666666666,0.7619047619047619,0.13812886197676344,0.37165691434004483,0.9247311827956989
82,RF+OptimalThreshold,255,55,0.8727272727272727,0.84,0.875,0.8571428571428571,0.13812886197676344,0.37165691434004483,0.9247311827956989
82,LogisticRegression,255,55,0.9090909090909091,0.8518518518518519,0.9583333333333334,0.9019607843137255,0.08317308677182823,0.28839744584830884,0.9583333333333333
83,DecisionTree,255,55,0.8727272727272727,0.875,0.9032258064516129,0.8888888888888888,0.11171058915576615,0.3342313407742699,0.8911290322580644
83,RandomForest+Platt,255,55,0.9090909090909091,0.90625,0.9354838709677419,0.9206349206349206,0.07483762945161022,0.27356467142452845,0.9650537634408602
83,RF+OptimalThreshold,255,55,0.9090909090909091,0.90625,0.9354838709677419,0.9206349206349206,0.07483762945161022,0.27356467142452845,0.9650537634408602
83,LogisticRegression,255,55,0.8727272727272727,0.8333333333333334,0.967741935483871,0.8955223880597015,0.0991931245077435,0.3149493999164683,0.9717741935483871
84,DecisionTree,255,55,0.6909090909090909,0.6470588235294118,0.8148148148148148,0.7213114754098361,0.23210521842730333,0.48177299470528995,0.7572751322751322
84,RandomForest+Platt,255,55,0.7090909090909091,0.8235294117647058,0.5185185185185185,0.6363636363636364,0.18662498560041813,0.43200114073971857,0.833994708994709
84,RF+OptimalThreshold,255,55,0.7454545454545455,0.7241379310344828,0.7777777777777778,0.75,0.18662498560041813,0.43200114073971857,0.833994708994709
84,LogisticRegression,255,55,0.7454545454545455,0.7096774193548387,0.8148148148148148,0.7586206896551724,0.14561970815260153,0.3816015043898563,0.8716931216931216
85,DecisionTree,255,55,0.7636363636363637,0.75,0.6521739130434783,0.6976744186046512,0.23636363636363636,0.4861724348043977,0.7479619565217391
85,RandomForest+Platt,255,55,0.8,0.7727272727272727,0.7391304347826086,0.7555555555555555,0.12392613080274578,0.3520314343957735,0.9184782608695652
85,RF+OptimalThreshold,255,55,0.7636363636363637,0.6666666666666666,0.8695652173913043,0.7547169811320755,0.12392613080274578,0.3520314343957735,0.9184782608695652
85,LogisticRegression,255,55,0.8181818181818182,0.7241379310344828,0.9130434782608695,0.8076923076923077,0.13793383436990805,0.3713944457984099,0.9266304347826086
86,DecisionTree,255,55,0.7454545454545455,0.5789473684210527,0.6470588235294118,0.6111111111111112,0.23753917503779756,0.487379908323884,0.7306501547987616
86,RandomForest+Platt,255,55,0.7090909090909091,0.5555555555555556,0.29411764705882354,0.38461538461538464,0.1784822135522214,0.422471553542036,0.8405572755417957
86,RF+OptimalThreshold,255,55,0.7818181818181819,0.631578947368421,0.7058823529411765,0.6666666666666666,0.1784822135522214,0.422471553542036,0.8405572755417957
86,LogisticRegression,255,55,0.8,0.625,0.8823529411764706,0.7317073170731707,0.16941154671525027,0.41159633953091745,0.8885448916408669
87,DecisionTree,255,55,0.8363636363636363,0.8571428571428571,0.8275862068965517,0.8421052631578947,0.14366281255621063,0.3790287753670038,0.8574270557029176
87,RandomForest+Platt,255,55,0.8545454545454545,0.8888888888888888,0.8275862068965517,0.8571428571428571,0.10615527613370558,0.32581478808320774,0.9641909814323608
87,RF+OptimalThreshold,255,55,0.8545454545454545,0.8888888888888888,0.8275862068965517,0.8571428571428571,0.10615527613370558,0.32581478808320774,0.9641909814323608
87,LogisticRegression,255,55,0.7818181818181819,0.7297297297297297,0.9310344827586207,0.8181818181818182,0.10783067385183612,0.32837581191652365,0.9655172413793104
88,DecisionTree,255,55,0.7818181818181819,0.47368421052631576,0.8181818181818182,0.6,0.20117434348396412,0.4485246297406243,0.7861570247933884
88,RandomForest+Platt,255,55,0.8545454545454545,0.7142857142857143,0.45454545454545453,0.5555555555555556,0.10087487619689708,0.3176080543640181,0.9111570247933884
88,RF+OptimalThreshold,255,55,0.8909090909090909,1.0,0.45454545454545453,0.625,0.10087487619689708,0.3176080543640181,0.9111570247933884
88,LogisticRegression,255,55,0.8727272727272727,0.6666666666666666,0.7272727272727273,0.6956521739130435,0.09464201455644804,0.30763942295558944,0.9400826446280992
89,DecisionTree,255,55,0.7090909090909091,0.6842105263157895,0.8666666666666667,0.7647058823529411,0.20750886487004785,0.4555314093122974,0.802
89,RandomForest+Platt,255,55,0.8727272727272727,0.8709677419354839,0.9,0.8852459016393442,0.10196496763453589,0.3193195384478311,0.9426666666666667
89,RF+OptimalThreshold,255,55,0.8727272727272727,0.8709677419354839,0.9,0.8852459016393442,0.10196496763453589,0.3193195384478311,0.9426666666666667
89,LogisticRegression,255,55,0.8727272727272727,0.8484848484848485,0.9333333333333333,0.8888888888888888,0.0942329441300498,0.30697384926089355,0.9573333333333334
90,DecisionTree,255,55,0.8545454545454545,0.8636363636363636,0.7916666666666666,0.8260869565217391,0.11630261354811579,0.3410316899470133,0.9260752688172044
90,RandomForest+Platt,255,55,0.8545454545454545,1.0,0.6666666666666666,0.8,0.12221307918032316,0.3495898728228882,0.971774193548387
90,RF+OptimalThreshold,255,55,0.8727272727272727,0.9473684210526315,0.75,0.8372093023255814,0.12221307918032316,0.3495898728228882,0.971774193548387
90,LogisticRegression,255,55,0.9454545454545454,0.92,0.9583333333333334,0.9387755102040817,0.05805498988490707,0.24094603106278192,0.9758064516129032
91,DecisionTree,255,55,0.9090909090909091,1.0,0.8387096774193549,0.9122807017543859,0.09315309556943592,0.30520992049642803,0.9193548387096775
91,RandomForest+Platt,255,55,0.9272727272727272,0.9655172413793104,0.9032258064516129,0.9333333333333333,0.06105613750289883,0.2470954016223265,0.9865591397849462
91,RF+OptimalThreshold,255,55,0.9454545454545454,0.9666666666666667,0.9354838709677419,0.9508196721311475,0.06105613750289883,0.2470954016223265,0.9865591397849462
91,LogisticRegression,255,55,0.9454545454545454,0.9375,0.967741935483871,0.9523809523809523,0.031664349276196976,0.17794479277629052,0.9973118279569892
92,DecisionTree,255,55,0.8909090909090909,0.8518518518518519,0.92,0.8846153846153846,0.06945281587567947,0.263539021542692,0.9533333333333334
92,RandomForest+Platt,255,55,0.9090909090909091,0.9545454545454546,0.84,0.8936170212765957,0.06097341132360181,0.2469279476357462,0.9866666666666667
92,RF+OptimalThreshold,255,55,0.9454545454545454,0.9230769230769231,0.96,0.9411764705882353,0.06097341132360181,0.2469279476357462,0.9866666666666667
92,LogisticRegression,255,55,0.8909090909090909,0.8275862068965517,0.96,0.8888888888888888,0.07453737280933784,0.27301533438497155,0.9773333333333334
93,DecisionTree,255,55,0.9090909090909091,0.8695652173913043,0.9090909090909091,0.8888888888888888,0.09444730376425117,0.30732280059288014,0.9194214876033058
93,RandomForest+Platt,255,55,0.8727272727272727,0.8947368421052632,0.7727272727272727,0.8292682926829268,0.09016124663145483,0.30026862412089417,0.9545454545454546
93,RF+OptimalThreshold,255,55,0.8909090909090909,0.9,0.8181818181818182,0.8571428571428571,0.09016124663145483,0.30026862412089417,0.9545454545454546
93,LogisticRegression,255,55,0.7818181818181819,1.0,0.45454545454545453,0.625,0.1653263174506528,0.40660339084992,0.9600550964187328
94,DecisionTree,255,55,0.8,0.5,0.6363636363636364,0.56,0.1670166350511392,0.4086766876776056,0.753099173553719
94,RandomForest+Platt,255,55,0.8727272727272727,1.0,0.36363636363636365,0.5333333333333333,0.10207059283191657,0.31948488670345043,0.9028925619834711
94,RF+OptimalThreshold,255,55,0.8727272727272727,0.7,0.6363636363636364,0.6666666666666666,0.10207059283191657,0.31948488670345043,0.9028925619834711
94,LogisticRegression,255,55,0.8727272727272727,0.6666666666666666,0.7272727272727273,0.6956521739130435,0.10175428204584473,0.31898947011750206,0.9111570247933884
95,DecisionTree,255,55,0.8909090909090909,0.9310344827586207,0.8709677419354839,0.9,0.07164523008826619,0.267666266250094,0.9663978494623656
95,RandomForest+Platt,255,55,0.9454545454545454,0.9666666666666667,0.9354838709677419,0.9508196721311475,0.04965380848873192,0.22283134539092994,0.9771505376344085
95,RF+OptimalThreshold,255,55,0.9454545454545454,0.9666666666666667,0.9354838709677419,0.9508196721311475,0.04965380848873192,0.22283134539092994,0.9771505376344085
95,LogisticRegression,255,55,0.9090909090909091,0.8823529411764706,0.967741935483871,0.9230769230769231,0.057347276799250474,0.2394729145420218,0.9852150537634409
96,DecisionTree,255,55,0.9454545454545454,0.9117647058823529,1.0,0.9538461538461539,0.06013903018338449,0.24523260424214496,0.9408602150537635
96,RandomForest+Platt,255,55,0.9090909090909091,0.8823529411764706,0.967741935483871,0.9230769230769231,0.06205401004232559,0.2491064231253895,0.9690860215053763
96,RF+OptimalThreshold,255,55,0.8909090909090909,0.8571428571428571,0.967741935483871,0.9090909090909091,0.06205401004232559,0.2491064231253895,0.9690860215053763
96,LogisticRegression,255,55,0.9454545454545454,0.9117647058823529,1.0,0.9538461538461539,0.05309921839324877,0.23043267648762136,0.989247311827957
97,DecisionTree,255,55,0.9636363636363636,0.9354838709677419,1.0,0.9666666666666667,0.04906361474713794,0.22150308067189028,0.9389920424403183
97,RandomForest+Platt,255,55,0.9636363636363636,0.9655172413793104,0.9655172413793104,0.9655172413793104,0.0441932966278463,0.21022201746688263,0.9946949602122016
97,RF+OptimalThreshold,255,55,0.9636363636363636,0.9354838709677419,1.0,0.9666666666666667,0.0441932966278463,0.21022201746688263,0.9946949602122016
97,LogisticRegression,255,55,0.9090909090909091,0.8529411764705882,1.0,0.9206349206349206,0.07142328652836365,0.2672513545865832,0.9801061007957559
98,DecisionTree,255,55,0.8181818181818182,0.9166666666666666,0.7333333333333333,0.8148148148148148,0.13169528729613383,0.3628984531465157,0.9066666666666666
98,RandomForest+Platt,255,55,0.8909090909090909,0.9285714285714286,0.8666666666666667,0.896551724137931,0.11072486327162363,0.332753457189589,0.9346666666666668
98,RF+OptimalThreshold,255,55,0.8727272727272727,0.9259259259259259,0.8333333333333334,0.8771929824561403,0.11072486327162363,0.332753457189589,0.9346666666666668
98,LogisticRegression,255,55,0.8545454545454545,0.8235294117647058,0.9333333333333333,0.875,0.11414162460076546,0.3378485231590712,0.9319999999999999
99,DecisionTree,255,55,0.8363636363636363,0.8,0.8333333333333334,0.8163265306122449,0.13126953390953858,0.36231137700814553,0.8622311827956989
99,RandomForest+Platt,255,55,0.8363636363636363,0.8571428571428571,0.75,0.8,0.11475205453965791,0.33875072625701913,0.9153225806451613
99,RF+OptimalThreshold,255,55,0.7818181818181819,0.7,0.875,0.7777777777777778,0.11475205453965791,0.33875072625701913,0.9153225806451613
99,LogisticRegression,255,55,0.8363636363636363,0.8571428571428571,0.75,0.8,0.12057310016500057,0.3472363750602759,0.9045698924731183
100,DecisionTree,255,55,0.8545454545454545,0.7391304347826086,0.8947368421052632,0.8095238095238095,0.09522609389643054,0.3085872549157378,0.9188596491228072
100,RandomForest+Platt,255,55,0.8,1.0,0.42105263157894735,0.5925925925925926,0.14298582939983587,0.3781346709835477,0.9678362573099415
100,RF+OptimalThreshold,255,55,0.8363636363636363,0.9166666666666666,0.5789473684210527,0.7096774193548387,0.14298582939983587,0.3781346709835477,0.9678362573099415
100,LogisticRegression,255,55,0.8181818181818182,0.6551724137931034,1.0,0.7916666666666666,0.10661765188373341,0.32652358549380994,0.989766081871345
